-- MySQL dump 10.13  Distrib 5.5.9, for Win32 (x86)
--
-- Host: localhost    Database: rockart
-- ------------------------------------------------------
-- Server version	5.5.13

/*!40101 SET @OLD_CHARACTER_SET_CLIENT=@@CHARACTER_SET_CLIENT */;
/*!40101 SET @OLD_CHARACTER_SET_RESULTS=@@CHARACTER_SET_RESULTS */;
/*!40101 SET @OLD_COLLATION_CONNECTION=@@COLLATION_CONNECTION */;
/*!40101 SET NAMES utf8 */;
/*!40103 SET @OLD_TIME_ZONE=@@TIME_ZONE */;
/*!40103 SET TIME_ZONE='+00:00' */;
/*!40014 SET @OLD_UNIQUE_CHECKS=@@UNIQUE_CHECKS, UNIQUE_CHECKS=0 */;
/*!40014 SET @OLD_FOREIGN_KEY_CHECKS=@@FOREIGN_KEY_CHECKS, FOREIGN_KEY_CHECKS=0 */;
/*!40101 SET @OLD_SQL_MODE=@@SQL_MODE, SQL_MODE='NO_AUTO_VALUE_ON_ZERO' */;
/*!40111 SET @OLD_SQL_NOTES=@@SQL_NOTES, SQL_NOTES=0 */;

--
-- Current Database: `rockart`
--

CREATE DATABASE /*!32312 IF NOT EXISTS*/ `rockart` /*!40100 DEFAULT CHARACTER SET utf8 */;

USE `rockart`;

--
-- Table structure for table `commons`
--

DROP TABLE IF EXISTS `commons`;
/*!40101 SET @saved_cs_client     = @@character_set_client */;
/*!40101 SET character_set_client = utf8 */;
CREATE TABLE `commons` (
  `id` int(10) unsigned NOT NULL AUTO_INCREMENT,
  `header` text,
  `content` text,
  `pdf` text,
  `pdf_header` text,
  `page_id` int(11) DEFAULT NULL,
  PRIMARY KEY (`id`)
) ENGINE=MyISAM AUTO_INCREMENT=7 DEFAULT CHARSET=latin1;
/*!40101 SET character_set_client = @saved_cs_client */;

--
-- Dumping data for table `commons`
--

LOCK TABLES `commons` WRITE;
/*!40000 ALTER TABLE `commons` DISABLE KEYS */;
/*!40000 ALTER TABLE `commons` ENABLE KEYS */;
UNLOCK TABLES;

--
-- Table structure for table `julkaisut`
--

DROP TABLE IF EXISTS `julkaisut`;
/*!40101 SET @saved_cs_client     = @@character_set_client */;
/*!40101 SET character_set_client = utf8 */;
CREATE TABLE `julkaisut` (
  `id` int(10) unsigned NOT NULL AUTO_INCREMENT,
  `otsikko` text,
  `sisalto` text,
  `kuva` text,
  `luettelo` text,
  PRIMARY KEY (`id`)
) ENGINE=MyISAM AUTO_INCREMENT=21 DEFAULT CHARSET=latin1;
/*!40101 SET character_set_client = @saved_cs_client */;

--
-- Dumping data for table `julkaisut`
--

LOCK TABLES `julkaisut` WRITE;
/*!40000 ALTER TABLE `julkaisut` DISABLE KEYS */;
INSERT INTO `julkaisut` VALUES (1,'Aurinkopeura nro 1','<p>Julkaisu on kunnianosoitus edesmenneelle Eero Autiolle, joka on kaksi vuosikymment&auml; kest&auml;neen tutkijanuransa aikana tekem&auml;ll&auml;&auml;n ty&ouml;ll&auml; suuresti vaikuttanut kalliotaiteemme tutkimukseen. Aution my&ouml;t&auml; meille on avautunut kiehtova kuvamaailma, jossa on yhtym&auml;kohtia kalliotaiteen ugrilaisiin juuriin. ISBN 951-95415-1-9 Loppuunmyyty</p>','Aurinkopeura1.jpg',''),(2,'Aurinkopeura nro 2','<p>Julkaisu on tehty yhteisty&ouml;ss&auml; Viron muinaistaideseuran kanssa sis&auml;lt&auml;en Kabli III konferenssin esitelmi&auml; 2003. Seminaarin aiheena oli Kaksikymment&auml; vuotta muinaistaiteen parissa. Julkaisu on saanut rahoitusta Euroopan aluekehitysrahastosta H&auml;meenlinnan Lasten- ja Nuorten kuvataide- ja k&auml;sity&ouml;koulu Aimokoulun koordinoiman SuVi-hankeen kautta. ISBN 9949-10-460-2 Hinta 13&euro;</p>','aurinkopeura2.jpg',''),(16,'Aurinkopeura nro 3','<p>Suomesta tunnetaan yli 120 kalliomaalausta ja punav&auml;ril&auml;ikk&auml;&auml;. Ovatko  kaikki olemassa olevat jo inventoitu vai onko mahdollista l&ouml;yt&auml;&auml; viel&auml;  lis&auml;&auml; muinaisten esi-isiemme tekemi&auml; kuvia? Aurinkopeura III sis&auml;lt&auml;&auml;  artikkeleita uusimmista muinaistaidel&ouml;yd&ouml;ist&auml; Suomessa, Ven&auml;j&auml;ll&auml; ja  Virossa, niiden tutkimisesta, levinneisyydest&auml; sek&auml; l&ouml;yt&ouml;paikkojen  topografisista piirteist&auml;.<br /> ISBN 951-95415-2-7<br /> Hinta 13&euro;</p>','aurinkopeura3.jpg',''),(18,'Aurinkopeura nro 4','<p>Juhlavuoden kunniaksi julkaisuun on koottu seuran 10-vuotisen taipaleen  historiikki.<br /> Tieteelliset artikkelit k&auml;sittelev&auml;t musiikin ja rytmin alkuper&auml;&auml;,  musiikkiarkeologian alaan kuuluvaan v&auml;it&ouml;skirjaty&ouml;h&ouml;n perustuvan  artikkelin soivista metalliesineist&auml;, kuvaus lappalaisten pyhist&auml;  menoista ja uskomuksista, artikkeli ei-visuaalisista kokemuksista osana  kalliomaalausten tulkintaa sek&auml; tapaustutkimus kalliomaalausten  kuva-aiheiden rannansiirtymisajoituksesta. Mukaan on liitetty my&ouml;s  artikkeli muinaistaiteen opetuksesta lapsille ja nuorille.<br /> ISBN 978-951-95415-3-2<br /> Hinta 13&euro;</p>','aurinkopeura4.jpg','');
/*!40000 ALTER TABLE `julkaisut` ENABLE KEYS */;
UNLOCK TABLES;

--
-- Table structure for table `kayttaja`
--

DROP TABLE IF EXISTS `kayttaja`;
/*!40101 SET @saved_cs_client     = @@character_set_client */;
/*!40101 SET character_set_client = utf8 */;
CREATE TABLE `kayttaja` (
  `id` int(10) unsigned NOT NULL AUTO_INCREMENT,
  `kayttajanimi` text NOT NULL,
  `salasana` text,
  PRIMARY KEY (`id`)
) ENGINE=MyISAM AUTO_INCREMENT=4 DEFAULT CHARSET=latin1;
/*!40101 SET character_set_client = @saved_cs_client */;

--
-- Dumping data for table `kayttaja`
--

LOCK TABLES `kayttaja` WRITE;
/*!40000 ALTER TABLE `kayttaja` DISABLE KEYS */;
INSERT INTO `kayttaja` VALUES (2,'kayttaja','20kayttaja10');
/*!40000 ALTER TABLE `kayttaja` ENABLE KEYS */;
UNLOCK TABLES;

--
-- Table structure for table `kuvat`
--

DROP TABLE IF EXISTS `kuvat`;
/*!40101 SET @saved_cs_client     = @@character_set_client */;
/*!40101 SET character_set_client = utf8 */;
CREATE TABLE `kuvat` (
  `id` int(10) unsigned NOT NULL AUTO_INCREMENT,
  `kuva` text,
  `kuva_nimi` text,
  `otsikko` text,
  `pdf` text,
  `pdf_otsikko` text,
  `sivu_id` int(11) DEFAULT NULL,
  `kuvanottajan_nimi` text,
  `lisatieto` text,
  PRIMARY KEY (`id`)
) ENGINE=MyISAM AUTO_INCREMENT=81 DEFAULT CHARSET=latin1;
/*!40101 SET character_set_client = @saved_cs_client */;

--
-- Dumping data for table `kuvat`
--

LOCK TABLES `kuvat` WRITE;
/*!40000 ALTER TABLE `kuvat` DISABLE KEYS */;
INSERT INTO `kuvat` VALUES (44,'','','Kevätretki Pyhtään Kaunissaareen 23.-24.5.2009, koonnut Helena Saarikoski','kevatretki_2009.ppt','(MS-PowerPoint-dokumentti)',2,'',''),(36,'','','Leena Lehtinen COSO – USAN KALLIOTAITEEN DISNEYLAND','coso_rock_art_web.pdf','(pdf-dokumentti)',3,'',''),(41,'','','Matkakertomus Tassili N´Ajjerista 31.10.-16.11.2009, koonnut Helena Saarikoski','Matkasta_Tassili_N_Ajjeriin.pdf','(pdf-dokumentti)',2,'',''),(38,'','','Kalliotaideinventointia Suonteella, Anna - Liisa Hakkarainen 2003','suonteen_raportti.pdf','(pdf-dokumentti)',3,'',''),(35,'','','Libyan aavikon kalliotaide, Erkki Luoma-aho 2009','Libyan_aavikon_kalliotaide.ppt','(Power Point -dokumentti 15,1 Mt)',3,'',''),(39,'','','Inventointiretki Puulalle, Kimmo Puranen 2003','puulan_raportti.pdf','(pdf-dokumentti)',3,'',''),(40,'','','Algerian Tassili1.11.-15.11.2009-Kalliotaidetta ja kameleja, koonnut Leena Lehtinen','algerian_matka.pdf','(pdf-dokumentti)',2,'',''),(42,'','','Kuvakertomus SUMUn matkalta Viron suurille saarille, Hiidenmaalle ja Saarenmaalle 6.-9.8.2009, koonnut Helena Saarikoski','Viron_matka_2009.pdf','(pdf-dokumentti)',2,'',''),(45,'','','Kuvamuistoja SUMU:n kevätretkeltä Pietariin 10.-13.4.2009, koonnut Helena Saarikoski','Pietari_2009.ppt','(MS-PowerPoint-dokumentti)',2,'',''),(46,'','','Kuvia Hossan värikalliosta, koonnut Helena Saarikoski, kuvat Kimmo Puranen','Hossa.ppt','(MS-PowerPoint-dokumentti)',2,'',''),(49,'','','Muinaistaideseminaari Kablissa ja Latvian matka','seminaari_kabli.pdf','(pdf-dokumentti)',2,'',''),(50,'','','Suomen muinaistaideseura ry:n kulttuurimatka Novgorodiin 7.-10.4.2004','novgorodi.ppt','(MS-PowerPoint-dokumentti)',2,'',''),(51,'','','Matkakuvia Pyreneiltä 2004, koonnut Helena Saarikoski','kuvia_Pyreneilta2004.pdf','(pdf-dokumentti)',2,'',''),(52,'','','Matkakuvia Portugalin matkalta 30.9.-11.10.2006, koonnut Helena Saarikoski','Portugal2006.pdf','(pdf-dokumentti)',2,'',''),(65,'kuukauden-kuva_huhtikuu.jpg','Tähtikuvio kivessä (Otava)','','','',1,'kuva: Matti Kokkonen 2004',''),(66,'valkeala1.jpg','Valkealan Lakisuonvuori 3/04','','','',1,'',''),(68,'valkeala2.jpg','Valkealan Lakisuonvuori 2','','','',1,'Kuva: Juhani Grönhagen 2003','Kasvojen profiilissa on samaa ilmettä kuin Astuvansalmen kalliossa ja meripihkalöydöissä.'),(69,'kuukauden-kuva_toukokuu.jpg','Valo Sofian kirkossa, Novgorod 4/04','','','',1,'kuva: Tuula Hara 2004',''),(70,'pyreneet2.jpg','Pyreneet 2004 5/04','','','',1,'Kuva: Helena Saarikoski 2004 ',''),(71,'luopioinen.jpg','Salminkallion kalliomaalaus, Luopioinen 1/05','','','',1,'Kuva: Kimmo Puranen','Nämä pienet värijäljet löytyvät varsinaisen maalauskentän vasemmalta puolelta parinkymmenen metrin päästä.'),(72,'kirvesmies.jpg','Kirvesmies','','','',1,'','Horsahallens Hällristingsområde 2008'),(73,'tanssija.jpg','Tanssija','','','',1,'','Järrestadsristningen med danssaren'),(74,'Saraakalliolta-helmikuu-2009.jpg','Saraakallio, helmikuu 2008','','','',1,'Kuva: Helena Saarikoski',''),(75,'kaksoisvene-Saraakalliolta-helmik-2009.jpg','Saraakallio, helmikuu 2008','','','',1,'Kuva: Helena Saarikoski',''),(76,'Kameli-ja-ajaja_Tadrart,-Algeria.jpg','Kameli ja ajaja ','','','',1,'Kuva: Helena Saarikoski','Kameli ja ajaja, Tatrart, Algeria'),(77,'Elaimia-ja-ihmisia-Tadrart-Algeria.jpg','Eläimiä ja ihmisiä','','','',1,'Kuva: Helena Saarikoski','Eläimiä ja ihmisiä, Tatrart, Algeria');
/*!40000 ALTER TABLE `kuvat` ENABLE KEYS */;
UNLOCK TABLES;

--
-- Table structure for table `kuvat2`
--

DROP TABLE IF EXISTS `kuvat2`;
/*!40101 SET @saved_cs_client     = @@character_set_client */;
/*!40101 SET character_set_client = utf8 */;
CREATE TABLE `kuvat2` (
  `kuva_id` int(10) NOT NULL AUTO_INCREMENT,
  `tiedostopaate` varchar(4) DEFAULT NULL,
  `kuvaaja` varchar(60) DEFAULT NULL,
  `kuvaus` text,
  `maalaus_id` int(10) DEFAULT NULL,
  PRIMARY KEY (`kuva_id`),
  KEY `maalaus_id` (`maalaus_id`),
  CONSTRAINT `kuvat2_ibfk_1` FOREIGN KEY (`maalaus_id`) REFERENCES `maalaukset` (`maalaus_id`) ON DELETE CASCADE
) ENGINE=InnoDB AUTO_INCREMENT=211 DEFAULT CHARSET=latin1;
/*!40101 SET character_set_client = @saved_cs_client */;

--
-- Dumping data for table `kuvat2`
--

LOCK TABLES `kuvat2` WRITE;
/*!40000 ALTER TABLE `kuvat2` DISABLE KEYS */;
INSERT INTO `kuvat2` VALUES (1,'jpg','Miikka Pyykkönen','Tikaskaarteenvuoren ylintä maalausaluetta.',1),(2,'jpg','Miikka Pyykkönen','Panoraamakuva Tikaskaarteenvuoresta (kuvassa voimakasta perspektiivin aiheuttamaa vääristymistä). Päämaalauskohta kuvan keskikohdalta hieman vasemmalle olevan kallioterassin päällä. Myöhemmin todettuja maalauskatkelmia vasemmalla, alemmalla tasolla olevassa kallioseinämässä.',1),(3,'jpg','Miikka Pyykkönen','Tikaskaarteenvuoren pääseinämä alaviistosta kuvattuna.',1),(4,'jpg','Kimmo Puranen','Huonpohjanvuoren päättömiä ihmishahmoja (?).',2),(5,'jpg','Kimmo Puranen','Huonpohjanvuoren maalausseinämä.',2),(6,'jpg','Kimmo Puranen','Huonpohjanvuoren keskeinen maalausalue.',2),(7,'jpg','Miikka Pyykkönen','Patalahden venekuvat ja muita maalausjälkiä.',3),(8,'jpg','Miikka Pyykkönen','Patalahden maalausseinämä.',3),(9,'jpg','Miikka Pyykkönen','Patalahden oikeanpuoleinen venekuvio.',3),(10,'jpg','Miikka Pyykkönen','Patalahden oikeanpuoleinen venekuvio digitaalisesti käsiteltynä.',3),(11,'jpg','Miikka Pyykkönen','Patalahden vasemmanpuoleinen venekuvio ja muita maalausjäänteitä (mahdollisesti kolmannesta venekuviosta).',3),(12,'jpg','Miikka Pyykkönen','Väinönkallion venekuva ja eläinhahmo (?).',4),(13,'jpg','Miikka Pyykkönen','Väinönkallion maalausseinämä.',4),(14,'jpg','Miikka Pyykkönen','Väinönkallion keskeistä kohtaa digitaalisesti käsiteltynä.',4),(15,'jpg','Miikka Pyykkönen','Väinönkallion maalausaluetta. Ylhäällä säilyneet vene- ja eläinkuviot (?). Alhaalla ollut ilmeisesti alunperin laaja maalauspinta, joka on suurimmaksi osaksi rapautunut.',4),(16,'jpg','Miikka Pyykkönen','Väinönkallion maalausjäänteitä.',4),(17,'jpg','Antti Lahelma','Vesitorninmäen maalauksen keskeinen osa. Vasemmalla hirvieläin, oikealla ihmishahmo.',5),(18,'jpg','Antti Lahelma','Vesitorninmäen maalausseinämä.',5),(19,'jpg','Eero Siljander','Ihmishahmoja Haukkalahdenvuori I:n maalausalueelta.',6),(20,'jpg','Eero Siljander','Haukkalahdenvuori I:n (Havukkavuori I) maalausseinämä.',6),(21,'jpg','Eero Siljander','Haukkalahdenvuori I:n (Havukkavuori I) maalausseinämä.',6),(22,'jpg','Eero Siljander','Haukkalahdenvuori I:n (Havukkavuori I) maalausta. Ihmishahmoja, hirvieläimiä ja maalauskatkelmia.',6),(23,'jpg','Eero Siljander','Haukkalahdenvuori I:n (Havukkavuori I) maalausta. Hirvieläin ja maalauskatkelmia.',6),(24,'jpg','Eero Siljander','Haukkalahdenvuori I:n (Havukkavuori I) maalausta. Kämmenpainanteita.',6),(25,'jpg','Eero Siljander','Haukkalahdenvuori II:n (Havukkavuori II) maalausseinämä.',6),(26,'jpg','Eero Siljander','Haukkalahdenvuori II:n (Havukkavuori II) maalausta. Hirvieläin ja maalauskatkelmia.',6),(27,'jpg','Miikka Pyykkönen','Maalaukset sijaitsevat luolassa.',8),(28,'jpg','Miikka Pyykkönen','Ukonvuoren ihmishahmo.',8),(29,'jpg','Miikka Pyykkönen','Ukonvuoren luolassa olevia maalausjäänteitä.',8),(30,'jpg','Miikka Pyykkönen','Ukonvuoren luolassa olevia maalausjäänteitä.',8),(31,'jpg','Antti Lahelma','Nuuksion Jäniskallion hirvieläin ja värijälkiä. Punasävyjä korostettu digitaalisesti.',9),(32,'jpg','Antti Lahelma','Nuuksion Pitkäjärven maalauskallio. Maalaus männyn alapuolella seinämän puolivälissä.',9),(33,'jpg','Miikka Pyykkönen','Ala-Rievelin maalausjäännöksiä.',10),(34,'jpg','Miikka Pyykkönen','Lusin maalauksen heikosti erottuvia venekuvioita.',10),(35,'jpg','Miikka Pyykkönen','Lusin maalauksen heikosti erottuvia venekuvioita digitaalisesti käsiteltynä. Pohjakuva sama kuin ylhäällä.',10),(36,'jpg','Miikka Pyykkönen','Lusin maalauksen ihmishahmo, jolla kädet ylös kohotettuina (adorantti- eli palvonta-asento).',10),(37,'jpg','Antti Lahelma','Rajakiven punaväriläikkä, mahdollisesti kämmenpainama.',11),(38,'jpg','Antti Lahelma','Rajakiven maalauslohkare. Maalaus oikeapuolisessa pinnassa.',11),(39,'jpg','Antti Lahelma','Rajakiven maalauslohkareen maalauspintaa.',11),(40,'jpg','Antti Lahelma','Rajakiven maalauslohkareen maalauspintaa. Punaväriläikkä - mahdollinen kämmenpainama - kuvan keskellä.',11),(41,'jpg','Miikka Pyykkönen','Rautvuoren maalausaluetta. Keskeiset, väriltään selvimmät maalausjäljet ovat keltaisella tehdyn muistokirjoituksen alla.',12),(42,'jpg','Miikka Pyykkönen','Rautvuoren maalausseinämä. Lähellä maanpintaa erottuu selvästi 1970-luvulla tehty, keltaisella maalattu muistokirjoitus.',12),(43,'jpg','Miikka Pyykkönen','Maalausjäänteitä Rautvuoren maalauspinnan oikealta laidalta.',12),(44,'jpg','Miikka Pyykkönen','Maalausjäänteitä Rautvuoren maalauspinnan vasemmalta laidalta.',12),(45,'jpg','Miikka Pyykkönen','Vierunvuoren keskeinen maalauskohta. Hirvikuva, jonka vasemmalla puolella, peräpäässä, ihmishahmo. Hirvellä on ns. sydänläikkä. Lisäksi kuva-alueella on muita maalausjäänteitä.',14),(46,'jpg','Miikka Pyykkönen','Vierunvuoren maalausseinämä.',14),(47,'jpg','Miikka Pyykkönen','Hahlavuoren maalauksen keskeinen osa.',15),(48,'jpg','Miikka Pyykkönen','Hahlavuoren maalausseinämä. Keskeinen maalausalue kuvan keskikohdalta hieman vasempaan.',15),(49,'jpg','Miikka Pyykkönen','Hahlavuoren maalausseinämää. Keskeinen maalausalue.',15),(50,'jpg','Miikka Pyykkönen','Hahlavuoren maalausseinämää. Keskeinen maalausalue.',15),(51,'jpg','Miikka Pyykkönen','Yksityiskohta Hahlavuoren maalauksen keskeisestä osasta. Mm. ihmishahmoja sekä oikeassa laidassa ns. kalottiaihe.',15),(52,'jpg','Miikka Pyykkönen','Yksityiskohta Hahlavuoren maalauksen keskeisestä osasta. Kuvan keskellä hirvieläin, mahdollisesti peura. Alempana mm. ihmishahmoja, oikealla venekuvio ja oikeassa alalaidassa ns. kalottiaihe.',15),(53,'jpg','Miikka Pyykkönen','Yksityiskohta Hahlavuoren maalauksen keskeisestä osasta. Ylempi kuva digitaalisesti käisiteltynä. Kuvan keskellä hirvieläin, mahdollisesti peura. Alempana mm. ihmishahmoja, oikealla venekuvio ja oikeassa alalaidassa ns. kalottiaihe. ',15),(54,'jpg','Miikka Pyykkönen','Konniveden Haukkavuoren hirvi.',16),(55,'jpg','Miikka Pyykkönen','Konniveden Haukkavuoren maalausseinämä.',16),(56,'jpg','Miikka Pyykkönen','Konniveden Haukkavuoren maalausseinämä sivusta. Kalliossa on antropomorfista muotoa.',16),(57,'jpg','Miikka Pyykkönen','Kotojärven Haukkavuoren maalaukset.',17),(58,'jpg','Miikka Pyykkönen','Kotojärven Haukkavuoren maalausseinämä.',17),(59,'jpg','Kalevi Nupponen','Kotojärven Haukkavuoren maalausseinämä.',17),(60,'jpg','Miikka Pyykkönen','Hirvi ja muita maalausjäänteitä Kotojärven Haukkavuoresta.',17),(61,'jpg','Miikka Pyykkönen','Kotojärven Haukkavuoren maalausseinämää.',17),(62,'jpg','Miikka Pyykkönen','Kotojärven Haukkavuoren vaakasuorien vetojen sarja ja muita maalausjäänteitä.',17),(63,'jpg','Miikka Pyykkönen','Karhusaaren maalaus.',18),(64,'jpg','Miikka Pyykkönen','Karhusaaren maalauskallio.',18),(65,'jpg','Miikka Pyykkönen','Karhusaari. Lohkeaman vasemmalla puolella olevat hirvet.',18),(66,'jpg','Miikka Pyykkönen','Karhusaari. Lohkeaman oikealla puolella olevat maalauskatkelmat.',18),(67,'jpg','Kimmo Puranen','Kymenkäänteen läikkä.',19),(68,'jpg','Kimmo Puranen','Kymenkäänteen maalauskallio. Punaväriläikkä erottuu hieman kuvan keskikohdasta oikealle.',19),(69,'jpg','Kimmo Puranen','Kymenkäänteen maalauskallio. Punaväriläikkä kuvan keskikohdasta oikeassa laidassa.',19),(70,'jpg','Miikka Pyykkönen','Mertavuoren II:n &quot;kaatuva&quot; ihmishahmo ja siksak-kuvio.',20),(71,'jpg','Miikka Pyykkönen','Mertavuoren maalauskallio. Maalausalue I kuvan vasemmassa osassa, laiturin oikealla puolella olevan lipan alla. Maalausalue II kallion oikeassa laidassa.',20),(72,'jpg','Miikka Pyykkönen','Mertavuori I:n maalausalue.',20),(73,'jpg','Miikka Pyykkönen','Mertavuori II:n maalausalue.',20),(74,'jpg','Miikka Pyykkönen','Mertavuori II:n hirvi.',20),(75,'jpg','Miikka Pyykkönen','Rautakannanvuoren maalauskallio.',21),(76,'jpg','Miikka Pyykkönen','Rautakannanvuoren oikean laidan alaosan maalausjäänteitä.',21),(77,'jpg','Miikka Pyykkönen','Rautakannanvuoren oikean laidan yläosan maalausjäänteitä, mm. venekuvio.',21),(78,'jpg','Miikka Pyykkönen','Rautakannanvuoren vasemman laidan punaväriläikkä.',21),(79,'jpg','Miikka Pyykkönen','Rautakannanvuoren ylin hirvi.',21),(80,'jpg','Miikka Pyykkönen','Rautakannanvuoren ylimmän hirven ja oikean laidan välissä oleva hirvi.',21),(81,'jpg','Miikka Pyykkönen','Kokkokallion maalaus.',22),(82,'jpg','Miikka Pyykkönen','Kokkokallion maalausseinämä.',22),(83,'jpg','Miikka Pyykkönen','Käklinkallio. Kuvan keskiosassa epämääräisiä punavärijälkiä.',23),(84,'jpg','Miikka Pyykkönen','Käklinkallion punavärijälkiä. Joko luontaisia värjäytymiä tai maalausjälkiä.',23),(85,'jpg','Miikka Pyykkönen','Kaklinkalliota vastapäätä Haapajoen kaakkoisrannalla sijaitseva, pystyyn nostettu kivi. Ajoitus ja tarkoitus tuntematon.',23),(86,'jpg','Miikka Pyykkönen','Kaklinkalliota vastapäätä Haapajoen kaakkoisrannalla sijaitseva, pystyyn nostettu kivi. Ajoitus ja tarkoitus tuntematon.',23),(87,'jpg','Kimmo Puranen','Haukilahden epämääräisiä punavärijälkiä.',24),(88,'jpg','Kimmo Puranen','Haukilahden kallioseinämää. Mahdolliset maalausjäänteet kallion ulospäin työntyvässä osassa kuvan keskikohdan vasemmalla puolella.',24),(89,'jpg','Eero Siljander','Kapasaaren maalausseinämää. Ihmishahmo sijaitsee kuvan keskikohdalla (ei erotu kuvassa).',25),(90,'jpg','Eero Siljander','Kapasaaren maalauskallio.',25),(91,'jpg','Eero Siljander','Kapasaaren maalausseinämä.',25),(92,'jpg','Eero Siljander','Väino Poikalainen tutkimassa Kapasaaren kalliomaalausta.',25),(93,'jpg','Antti Lahelma','Kintahuonvuoren suuri venekuva.',26),(94,'jpg','Antti Lahelma','Kintahuonvuoren maalauskallio. Venekuva kuvan keskellä kallion alaosassa.',26),(95,'jpg','Antti Lahelma','Kintahuonvuoren maalauskallio. Venekuva kuvan keskellä kallion alaosassa.',26),(96,'jpg','Antti Lahelma','Kintahuonvuoren venekuvat.',26),(97,'jpg','Kimmo Puranen','Patakallion punavärijäänteitä.',27),(98,'jpg','Kimmo Puranen','Patakallio. Kuvan keskikohdalla kallion &quot;pata&quot; eli hiidenkirnu - jääkauden myöhäisvaiheissa syntynyt luonnonmuodostuma.',27),(99,'jpg','Kimmo Puranen','Patakallio. Lähikuva kallion &quot;padasta&quot; eli hiidenkirnusta.',27),(100,'jpg','Eero Siljander','Tupavuoren maalausseinämä.',28),(101,'jpg','Eero Siljander','Tupavuoren maalausseinämä.',28),(102,'jpg','Eero Siljander','Tupavuoren hirvi ja sen oikealla puolella sivusta kuvattu ihminen, jonka käsi edessä koholla.',28),(103,'jpg','Eero Siljander','Väino Poikalainen tutkimassa Tupavuoren kalliomaalausta.',28),(104,'jpg','Kimmo Puranen','Uutelanvuori I:n maalausalueen ihmishahmo ja maalausjäänteitä.',29),(105,'jpg','Kimmo Puranen','Uutelanvuoren maalauskallio.',29),(106,'jpg','Antti Lahelma','Uutelanvuori I:n maalauskallio.',29),(107,'jpg','Antti Lahelma','Uutelanvuori I:n maalaus.',29),(108,'jpg','Antti Lahelma','Uutelanvuori II:n maalauskallio.',29),(109,'jpg','Antti Lahelma','Uutelanvuori II:n maalaus.',29),(110,'jpg','Miikka Pyykkönen','Viherinkoski A:n maalauslohkare. Maalausjäänteet sijaitsevat kiven kuvaajaan päin olevassa seinämässä.',30),(111,'jpg','Miikka Pyykkönen','Viherinkoski B:n maalauskallio vasemmalla.',31),(112,'jpg','Miikka Pyykkönen','Hepo-ojan punaväriläiskä jäkälän ja valumien alla.',33),(113,'jpg','Miikka Pyykkönen','Hepo-ojan kallioseinämää. Punaväriläikkä vasemmalla olevien ihmisten yläpuolella.',33),(114,'jpg','Miikka Pyykkönen','Kuoreveden Käpinniemen ns. Jättiläisenkivi. Maalausjäljet sijaitsevat kiven oikeassa reunassa sekä järven puoleisella sivulla.',38),(115,'jpg','Miikka Pyykkönen','Käpinniemen Jättiläisenkivi koillisesta.',38),(116,'jpg','Miikka Pyykkönen','Käpinniemen Jättiläisenkiven koillissivulla olevia maalausjäänteitä.',38),(117,'jpg','Miikka Pyykkönen','Käpinniemen Jättiläisenkiven kaakkoissivulla olevia maalausjäänteitä.',38),(118,'jpg','Antti Lahelma','Juusjärven maalauksen keskeistä kohtaa.',40),(119,'jpg','Antti Lahelma','Juusjärven maalauskallio.',40),(120,'jpg','Antti Lahelma','Juusjärven maalauskallio.',40),(121,'jpg','Antti Lahelma','Juusjärven maalauksen keskeinen osa.',40),(122,'jpg','Antti Lahelma','Juusjärven maalauksen kala ja &quot;kaatuva&quot; ihmishahmo.',40),(123,'jpg','Antti Lahelma','Vitträskin selvin ryijymäinen kuva.',41),(124,'jpg','Antti Lahelma','Vitträskin maalausseinämä.',41),(125,'jpg','Antti Lahelma','Vitträskin heikommin säilynyt &quot;ryijykuvio&quot;.',41),(126,'jpg','Miikka Pyykkönen','Raidanlahden maalauslohkare.',42),(127,'jpg','Miikka Pyykkönen','Raidanlahden lohkareen kolme selvintä hirven kuvaa.',42),(128,'jpg','Miikka Pyykkönen','Panoraamakuva Raidanlahden lohkareen maalauksesta.',42),(129,'jpg','Miikka Pyykkönen','Panoraamakuva Raidanlahden lohkareen maalauksesta digitaalisesti käsiteltynä.',42),(130,'jpg','Timo Sepänmaa','Pyhanpään maalaus.',43),(131,'jpg','Miikka Pyykkönen','Pyhävuoren keskeinen maalausalue kuvan keskiosassa.',44),(132,'jpg','Miikka Pyykkönen','Pyhävuoren maalausjäänteitä.',44),(133,'jpg','Miikka Pyykkönen','Pyhävuoren ehjin maalausjäänne - hirvieläin.',44),(134,'jpg','Miikka Pyykkönen','Julman-Ölkyn maalaus.',45),(135,'jpg','Miikka Pyykkönen','Julman-Ölkyn maalauskallio oikealla.',45),(136,'jpg','Miikka Pyykkönen','Julman-Ölkyn maalauskallio.',45),(137,'jpg','Miikka Pyykkönen','Julman-Ölkyn maalaus digitaalisesti käsiteltynä.',45),(138,'jpg','Miikka Pyykkönen','Pakanavuoren maalauskenttää.',46),(139,'jpg','Eero Siljander','Hopeakallion punavärialue.',47),(140,'jpg','Antti Lahelma','Keltavuoren maalauksen keskeinen osa - ihmishahmo, jonka vierellä siksak-kuvio ja muita jälkiä.',48),(141,'jpg','Miikka Pyykkönen','Iso-Kuhajärven punaräriläiskät luolan suulta viistosti kuvattuna.',50),(142,'JPG','Miikka Pyykkönen','Saraakallio I:n veneitä, ihmisiä ym.',51),(143,'jpg','MP','',53),(144,'jpg','Eero Siljander','Lemin Haukkasaaren kallioseinämä.',54),(145,'jpg','Miikka Pyykkönen','Maalausalue sijaitsee kalliolohkareen oikeassa puoliskossa. Huomaa tietyt ihmispäähän ja -kasvoihin viittaavat, luonnon tekemät muodot kalliossa.',55),(146,'jpg','Eero Siljander','Linnasaaren ihmishahmo.',56),(147,'jpg','Miikka Pyykkönen','Ruominkapian maalauskallio.',57),(148,'jpg','Eero Siljander','Venäinniemen ihmishahmo.',58),(149,'jpg','Antti Lahelma','Karstun Linnanäen punavärijälkiä.',59),(150,'jpg','Miikka Pyykkönen','Salminkallion maalaus.',61),(151,'jpg','Eero Siljander','Ievasvuoren maalausjäänteitä.',62),(152,'jpg','Antti Lahelma','Inkilän kallioseinämää, jossa tuhoutunut maalaus on sijainnut. Kalliossa on edelleen heikkoja punavärijäänteitä.',63),(153,'jpg','Eero Siljander','Kalamaniemi I:n maalauskallio. Maalaukset sijaitsevat vaakasuoran lohkeaman yläpuolella.',64),(154,'jpg','Antti Lahelma','Kalamaniemi II:n keskeinen maalauskohta.',65),(155,'jpg','Antti Lahelma','Myllylammen maalauksen keskeistä kohtaa - mm. venekuvioita.',67),(156,'jpg','Eero Siljander','Siliävuoren maalausseinämää.',69),(157,'jpg','Miikka Pyykkönen','Vaskivuori.',71),(158,'jpg','Antti Lahelma','Yksi Ristniemenvuoren ihmishahmoista.',72),(159,'jpg','Miikka Pyykkönen','Verijärven keskeinen maalauskohta.',73),(160,'jpg','Eero Siljander','Mäntyharjun Haukkavuoren ylösalaisin oleva ihmiskuvio.',74),(161,'jpg','Eero Siljander','Mäntyharjun Haukkavuoren maalauskalliota.',74),(162,'jpg','Eero Siljander','Mäntyharjun Haukkavuoren maalauskalliota.',74),(163,'jpg','Eero Siljander','Mäntyharjun Haukkavuoren kämmenpainama.',74),(164,'jpg','Eero Siljander','Mäntyharjun Haukkavuoren maalauksia.',74),(165,'jpg','Eero Siljander','Mäntyharjun Haukkavuoren verkkomaisia kuvioita.',74),(166,'jpg','Eero Siljander','Mäntyharjun Haukkavuoren maalauksia.',74),(167,'jpg','Kimmo Puranen','Itkonlahden maalausseinämää.',75),(168,'jpg','Eero Siljander','Kannonalusen kalliomaalaus - kaksi venekuviota.',76),(169,'jpg','Eero Siljander','Kannonalusen maalauskallio. Maalaukset kuvan keskikohdan tienoilla.',76),(170,'jpg','Eero Siljander','Kannonalusen maalauskallio sivusta. Maalaus kuvan keskikohdasta hieman vasemmalle olevan lipan yläreunassa.',76),(171,'jpg','Antti Lahelma','Linnakallion maalauskohta puiden varjostamana tien laidalla.',77),(172,'jpg','Eero Siljander','Rekottilan Linnavuoren punaväriläikkä kuvan keskikohdalla.',78),(173,'jpg','Miikka Pyykkönen','Kuorevaaran lohkare.',79),(174,'jpg','Eero Siljander','Murronvuoren maalausalue koivun oikealla puolella ja takana.',81),(175,'jpg','Miikka Pyykkönen','Kaitajärven läikkä.',82),(176,'jpg','Miikka Pyykkönen','Kuutinvuoren maalaus.',83),(177,'jpg','Eero Siljander','Maksasaarenselän keskeinen maalausalue.',84),(178,'jpg','Eero Siljander','Sourunniemen kolmiopäinen, jalaton hahmo.',85),(179,'jpg','Miikka Pyykkönen','Syrjäsalmen maalauskallio.',86),(180,'jpg','Timo Sepänmaa','Toussunlinnan  maalaus.',88),(181,'jpg','Timo Sepänmaa','Toussunlinnan maalauskallio.',88),(182,'jpg','Timo Sepänmaa','Toussunlinnan maalauskallio.',88),(183,'jpg','Timo Sepänmaa','Toussunlinnan kalliomaalaus.',88),(184,'jpg','Kimmo Puranen','Riuttavuoren maalaus.',89),(185,'jpg','Kimmo Puranen','Torsajärven punaväriläikkä.',90),(186,'jpg','Eero Siljander','Hirviä, venekuva ym.',91),(187,'jpg','Eero Siljander','Uittamonsalmi I maalausalue.',92),(188,'jpg','Miikka Pyykkönen','Kolmiköytisienvuoren maalaus.',93),(189,'jpg','Kimmo Puranen','Lapinvuoren maalausjäännös.',94),(190,'jpg','Eero Siljander','Ihmishahmo.',96),(191,'jpg','Kimmo Puranen','Savonlinnan Haukkavuoren maalauskallio. (vas. Kirsti Becker, oik. Eero Siljander.)',97),(192,'jpg','Kimmo Puranen','Orivuoren maalauskallio.',98),(193,'jpg','Miikka Pyykkönen','Epämääräisiä ruoste- tai punaväriläiskiä Porossalmen Hepokallion seinämässä.',99),(194,'jpg','Kalevi Nupponen','Rapakon lohkareen maalaus - kaksi uivaa vesilintua.',100),(195,'jpg','Kimmo Puranen','Louhtovuoren maalauksen keskeinen osa.',103),(196,'jpg','Miikka Pyykkönen','Värikallion &quot;kolmiopäitä&quot;.',104),(197,'jpg','Miikka Pyykkönen','Maalausalue kuvan keskiosassa.',105),(198,'jpg','Antti Lahelma','Lintuinvuoren maalausseinämä. Maalaus sijaitsee kuvan keskikohdalta oikealla.',107),(199,'jpg','Kalevi Nupponen','Ruusin Turasalon kallioseinämää. Maalaus kuvan keskikohdalla pienen kalliolipan alla.',108),(200,'jpg','Miikka Pyykkönen','Valkeisaaren ylemmän tason maalaus.',110),(201,'jpg','Antti Lahelma','Jyrkkävuoren maalausseinämä.',111),(202,'jpg','Eero Siljander','Lakiasuonvuoren maalausalueet. Vasemmassa laidassa yksittäinen suuri hirvi (ei erotu kuvassa), sivusta näkyvässä kaltevassa pinnassa muut kuviot ja jäljet.',112),(203,'jpg','Kimmo Puranen','Löppösenluolan kallio. Maalausalue kuvan keskikohdalla, noin 1 - 2 m vedenpinnasta. Oikealla oleva kalliolippa on luola, jossa Löppönen-nimisen henkilön kerrotaan asuneen.',113),(204,'jpg','Antti Lahelma','Olhavanvuoren kallioseinämä.',114),(205,'jpg','Eero Siljander','',116),(206,'jpg','Miikka Pyykkönen','Venekuvio.',117),(207,'jpg','Antti Lahelma','Lautmäen maalausjäänteitä.',118),(208,'jpg','Antti Lahelma','Pyyslammen punavärialue.',119),(209,'jpg','Antti Lahelma','Pyyslammen kallioseinämä. Punavärialue kuvan keskikohdalta hieman vasempaan.',119),(210,'jpg','Antti Lahelma','Pyyslammen punavärialuetta.',119);
/*!40000 ALTER TABLE `kuvat2` ENABLE KEYS */;
UNLOCK TABLES;

--
-- Table structure for table `linkit`
--

DROP TABLE IF EXISTS `linkit`;
/*!40101 SET @saved_cs_client     = @@character_set_client */;
/*!40101 SET character_set_client = utf8 */;
CREATE TABLE `linkit` (
  `id` int(10) unsigned NOT NULL AUTO_INCREMENT,
  `linkkiotsikko` text NOT NULL,
  `linkki` text NOT NULL,
  `otsikko_id` int(11) NOT NULL,
  PRIMARY KEY (`id`)
) ENGINE=MyISAM AUTO_INCREMENT=40 DEFAULT CHARSET=latin1;
/*!40101 SET character_set_client = @saved_cs_client */;

--
-- Dumping data for table `linkit`
--

LOCK TABLES `linkit` WRITE;
/*!40000 ALTER TABLE `linkit` DISABLE KEYS */;
INSERT INTO `linkit` VALUES (13,'Museoviraston arkeologiasivut','http://www.nba.fi/fi/arkeologia',1),(14,'Helsingin yliopiston arkeologiasivut','http://www.helsinki.fi/arkeologia/',1),(15,'Turun yliopiston arkeologiasivut','http://www.utu.fi/hum/arkeologia/',1),(16,'Keski-Suomen arkeologista tutkimusta','http://www.jyvaskyla.fi/ksmuseo/arkeo/',1),(17,'Verkkonäyttely esihistorian ajasta Keski-Suomessa','http://www.finnica.fi/suomi/keski-suomi/esihistoria/nayttely/index.htm',1),(18,'Espoon esihistoriaa näyttävästi','http://weegee.espoo.fi/museot/verkko/muinainen/muinaine.htm',1),(19,'Museoviraston rautakausisivu','http://www.nba.fi/NATMUS/MUSEUM/Opetus/rautakau.htm',1),(20,'Kalliojumalan jäljillä, matka Astuvansalmelle','http://www.internetix.ofw.fi/tutkimus/muinaistaide/kalliojumala/index.htm',2),(21,'Kattava Suomen kivikauden esitys','http://www.csc.fi/arctinet/kivikaus/',2),(22,'Kattava Suomen pronssikauden esitys','http://www.csc.fi/arctinet/pronssikausi/index.html',2),(23,'Timo Jussilan arkeologian tietopaketti','http://www.dlc.fi/~microlit/',2),(24,'Kattavat arkeologian harrastajan sivut','http://www.arkeo.net',2),(25,'Etelä Kanta-Hämeen esihistoria','http://www.esihistorianpauloissa.net',2),(26,'Ismo Luukkosen kalliotaidesivut','http://personal.inet.fi/koti/luuk/kalliotaide/kalliotaide.html',3),(27,'Miikka Pyykkösen kalliotaidesivut','http://www.cc.jyu.fi/~miipyyk/',3),(28,'Äänisen kallipiirroksista','http://heninen.net/petroglif/suomeksi.htm',3),(29,'Henisen sivuilla Karjalan kalliopiirroksia, uhrikiviä, esihistoriaa jne','http://heninen.net/list.cgi?L=2',3),(30,'Rauno Lauhakankaan kokoamia kalliotaidekohteita','http://www.physics.helsinki.fi/whale/petroglyph/whalrock.html',3),(31,'Skandinavian kalliotaidetta','http://www.geocities.com/tanum97/link.htm',4),(32,'Kalliotaidetta Englannissa','http://www.alkelda.f9.co.uk/index.htm',4),(33,'Hyvä englanninkielinen yleisesitys Ranskan paleoliittisesta kalliotaiteesta, Jean Clottes','http://www.bradshawfoundation.com/clottes/page2.html',4),(34,'Alppien kalliotaidetta','http://www.rupestre.net/alps/',4),(35,'Intian kalliotaidetta','http://www.kamat.com/kalranga/rockpain/betaka.htm',4),(36,'Lounais-Yhdysvaltojen Kalliotaidetta','http://net.indra.com/%7Edheyser/rockart.html#SiteMap',4),(37,'Yhdysvaltojen Etelävaltioiden kalliotaidetta','http://my.execpc.com/~jcampbel/',4),(38,'Kanadan kalliotaidetta','http://www.lights.com/waterways/arch/rockart.htm',4),(39,'Bradshawin sivuilta ajankohtaista maailmalta, hyviä linkkejä maailman kalliotaidekohteista','http://www.bradshawfoundation.com/',4);
/*!40000 ALTER TABLE `linkit` ENABLE KEYS */;
UNLOCK TABLES;

--
-- Table structure for table `maalaukset`
--

DROP TABLE IF EXISTS `maalaukset`;
/*!40101 SET @saved_cs_client     = @@character_set_client */;
/*!40101 SET character_set_client = utf8 */;
CREATE TABLE `maalaukset` (
  `maalaus_id` int(10) NOT NULL AUTO_INCREMENT,
  `maalaus_nimi` varchar(60) DEFAULT NULL,
  `paikkakunta` varchar(60) DEFAULT NULL,
  `kuvaus` text,
  `peruskartta` varchar(20) DEFAULT NULL,
  `karttanimi` varchar(60) DEFAULT NULL,
  `N` varchar(20) DEFAULT NULL,
  `E` varchar(20) DEFAULT NULL,
  `lat` decimal(20,14) DEFAULT NULL,
  `lng` decimal(20,14) DEFAULT NULL,
  `x` tinytext,
  `y` tinytext,
  `p` tinytext,
  `i` tinytext,
  `paavesistoalue` text,
  PRIMARY KEY (`maalaus_id`)
) ENGINE=InnoDB AUTO_INCREMENT=120 DEFAULT CHARSET=latin1;
/*!40101 SET character_set_client = @saved_cs_client */;

--
-- Dumping data for table `maalaukset`
--

LOCK TABLES `maalaukset` WRITE;
/*!40000 ALTER TABLE `maalaukset` DISABLE KEYS */;
INSERT INTO `maalaukset` VALUES (1,'Tikaskaarteenvuori','Anttola','Ylemmän tason maalauksen löysivät Juhani Grönhagen ja Leena Lehtinen v. 1988 kalliomaalausten etsintähankkeen yhteydessä. Alemman tason maalauskatkelmat löysi Vuokko Ikonen 2000-luvun alussa. Saimaan Luonterin Siikaveden itärannalla, Pihlajasalon lounasosassa, länsilounaaseen aukeavassa kallioseinämässä. Ylimmällä tasolla (v. 1988 havaitulla kohdalla) venekuvia, ihminen ja maalausjälkiä. Useita metrejä alemmalla tasolla selviä, mutta heikosti erottuvia maalausjälkiä (näitä ei ole tutkittu tai käsitelty missään julkaisussa).','3144 01','Luonteri','6836642','541272',NULL,NULL,'683951','354146','683951','354146','Saimaa / Vuoksi'),(2,'Huonpohjanvuori','Asikkala','Maalauksen löysivät Lahden museon kalliomaalausinventoinnin yhteydessä Hannu Poutiainen ja Janne Kinnunen v. 2003. Ruotsalaisen länsiosassa, lounaaseen katsovassa kallioseinämässä. Useita maalauksia ja maalausjälkiä, mm. venekuvio ja päättömiä ihmiskuvia.','3112 06','Hopeaselkä','6788111','434246',NULL,NULL,'679096','343439','679096','343439','Päijänne / Kymijoki'),(3,'Patalahti','Asikkala','Maalauksen löysivät Lahden museon kalliomaalausinventoinnin yhteydessä Hannu Poutiainen ja Janne Kinnunen v. 2003.\r\n\r\nPäijänteen eteläpään itärannalla, Patalahden länsirannalla, kaakkoon katsovassa kallioseinämässä.\r\n\r\nAinakin kaksi venekuviota ja maalausjäänteitä.','3112 06','Hopeaselkä','6787241','431587',NULL,NULL,'679009','343173','679009','343173','Päijänne / Kymijoki'),(4,'Väinönkallio / Leveälahti','Asikkala','Kohteen löysi v. 2002 Ilmo Sipilä, joka kuitenkin ilmoitti löydöstään vasta seuraavana vuonna. Löydöstä tietämättä kohteen löysivät myös  Hannu Poutiainen ja Antti Lahelma Lahden museon kalliomaalausten inventoinnissa vuonna 2003.\r\n\r\nRuotsalaisen lounaisosan Rutalahdessa, kaakkoon katsovassa kallioseinämässä.\r\n\r\n1-2 eläinkuvioita, venekuvio ja maalauskatkelmia.','3112 05','Urajärvi','6783463','439424',NULL,NULL,'678631','343957','678631','343957','Päijänne / Kymijoki'),(5,'Tyynelä / Vesitorninmäki','Elimäki','Löytänyt V. Turkki v. 1999. Sijaitsee Elimäen keskustassa, Teutjoen eteläpuolella olevan Vesitorninmäen kaakkoisosassa, itään katsovassa kallioseinämässä. Sijaitsee talon väittömässä pihapiirissä, joten paikalle ei tule mennä kysymättä lupaa talon asukkailta. Alunperin ollut historiallisella ajalla kuivatun Elimäenjärven eteläosassa. ','3024 03','Kimonkylä','6732014','469782',NULL,NULL,'673484','346994','673484','346994','(kuivattu) Elimäenjärvi / Pyhtäänjoki / Kymijoki'),(6,'Haukkalahdenvuori I-II (Havukkavuori)','Enonkoski','Löytäjät P. Sarvas, J.-P. Taavitsainen ym. v. 1975. Käköveden itärannalla, länsilounaaseen ja etelään viettävissä kallioseinämissä. Kahdessa, n. 200 m välimatkan päässä olevassa kohdassa - siis oikeastaa kaksi erillistä maalausta. Ihmisiä, hirvieläimiä, kämmenpainamia ym. ','4211 09','Enonkoski','6897889','599921',NULL,NULL,'689971- 82','444389 - 444405','690074-84','360006-23','Saimaa / Vuoksi'),(7,'Kurtinvuori','Enonkoski','Löytäjät Aarne ja Pirjo Rauhala (Uino) v. 1975. Enonveden pohjoisrannalla etelään aukeavan kalliorinteen päällä olevassa lohkareessa. Hirvi ja kuvakatkelmia.','4212 07','Ihamaniemi','6891673','600540',NULL,NULL,'689352','444430','689456','360076','Saimaa / Vuoksi'),(8,'Ukonvuori','Enonkoski','Matti Siivonen tehnyt ilmoituksen punavärijäljistä kahteen otteeseen, viimeksi v. 1992. Tuolloin arkeologin tekemässä tarkastuksessa jälkiä ei voitu tulkita maalausjäljiksi. Samana vuonna punamultajälkiä katsomaan tullut Pekka Kivikäs totesi paikalla selvän maalauksen. Sijaitsee Saimaan Koloveden Vaajasalon pohjoiskärjessä olevassa luolassa, eteläkaakkoon katsovalla pinnalla. Ihmishahmo ja maalauskatkelmia.','4212 08','Leipämäki','6902638','597009',NULL,NULL,'690464','444128','690553','359723','Saimaa / Vuoksi'),(9,'Jäniskallio / Nuuksion Pitkäjärvi','Espoo','Löytäjät Pekka Sarvas ja Lauri Pohjakallio v. 1970. Pitkäjärven eteläosan länsirannalla, itään katsovassa kallioseinämässä. Maalauksessa (ainakin) kaksi hirvieläintä ja maalausjälkiä.','2041 10','Nuuksio','6683040','366571',NULL,NULL,'668356','253275','668585','336668','Pitkäjärvi / Mankinjoki'),(10,'Ala-Rieveli / Lusi','Heinola','Löytäjä Timo Miettinen v. 1977. Mäntyharjun reitin länsipäässä, Ala-Rievelin luoteisrannalla, itäkaakkoon aukeavassa kalliossa. Ihminen, veneitä, vaakaviivoja ja kuvakatkelmia.','3112 12','Heinolan mlk','6795728','454448',NULL,NULL,'679858','345460','679858','345460','Ala-Rieveli / Kymijoki'),(11,'Rajakivi','Heinola','Maalauksen löysivät Lahden museon kalliomaalausinventoinnin yhteydessä Hannu Poutiainen ja Janne Kinnunen v. 2003. Sijaitsee Ulppaanselkään kuuluvan Koivulahden rannalla, nykyisestä rannasta 60 metriä. 6,5 m korkean siirtolohkareen itäkoilliseen katsovalla seinämällä. Punaväriläikkä - mahdollinen kämmenpainama.','3112 11','Konnivesi','6786112','453898',NULL,NULL,'678896','345405','678896','345405','Konnivesi / Kymijoki'),(12,'Rautvuori','Heinola','Maalauksen löysivät Lahden museon kalliomaalausinventoinnin yhteydessä Hannu Poutiainen ja Janne Kinnunen v. 2003. Ala-Rievelin pohjoisrannan länsipäässä, Rautvuorenlahden rannalla. Maalausseinämä katsoo etelään. Punavärijälkiä ja maalauskatkelmia, mutta ei tunnistettavia kuvioita. Voimakkaimman punavärialueen päällä on keltaisella verillä kirjoitettu teksti: \"IN MEMORIAM SAMI ABIGAIL MINTTU-KAARIN 13.9.-13.11.1974 RAKASTAEN ISÄ JA ÄITI\".','3112 12','Heinolan mlk','6792719','450989',NULL,NULL,'679557','345114','679557','345114','Ala-Rieveli / Kymijoki'),(13,'Humalniemi','Heinävesi','Kolmion muotoinen aihe. Hyvin epävarmaa, onko kyseessä esihistoriallinen maalaus.','4212 09','Vihtari','6913931','602500',NULL,NULL,'691567','444729','691683','360272','Iso-Vihtari / Vuoksi'),(14,'Vierunvuori','Heinävesi','Löytäjä Ari Lyytikäinen v. 1975. Koloveden itärannalla, Vierunsalmen suulla olevassa länteen aukeavassa kallioseinämässä. Hirvi, ihminen ja kuvakatkelmia.','4212 06','Pilppa','6910815','590775',NULL,NULL,'691310','443543','691371','359099','Saimaa / Vuoksi'),(15,'Hahlavuori','Hirvensalmi','Löytäjät Asko Husso ja Kari Pietarinen v. 1990. Puulaveden Kaiskonselän länsirannalla, itäkoilliseen aukeavassa kallioseinämässä. Laajahko, runsaasti merkkejä sisältävä maalaus. Mm. hirvieläimiä ja ihmisiä.','3124 06','Puulasalo','6855424','471341',NULL,NULL,'685830','347150','685830','347150','Puulavesi / Kymijoki'),(16,'Haukkavuori / Konnivesi','Iitti','Löytäjä Timo Miettinen v. 1976. Konniveden eteläosan länsirannalla, itäkaakkoon aukeavassa kallioseinämässä. Maalauksessa yksi hirvi, ehkä muitakin maalausjäänteitä.','3112 10','Vuolenkoski','6776876','456307',NULL,NULL,'677972','345646','677972','345646','Konnivesi / Kymijoki'),(17,'Haukkavuori / Kotojärvi','Iitti','Löytäjät Sinimarja ja Lasse Ojonen ja Ushio Maeda v. 1970. Kotojärven itärannalla lounaaseen aukeavassa kallioseinämässä. Säilyneinä kuva-aiheina hirvi, ihminen ja viivasarja.','3111 12','Arrajärvi','6762322','457057',NULL,NULL,'676516','345721','676516','345721','Kotojärvi / Kymijoki'),(18,'Karhusaari','Iitti','Löytäjä Timo Miettinen v. 1976. Konniveden eteläosassa olevan Karhusaaren itärannalla, itään aukeavassa kallioseinämässä. Hirviä ja maalauskatkelmia.','3112 10','Vuolenkoski','6777036','454498',NULL,NULL,'677988','345465','677988','345465','Konnivesi / Kymijoki'),(19,'Kymenkäänne','Iitti','Löytäjä Sinimarja Ojonen v. 1971. Kymijoen Kettujärven pohjoisrannalla, länsilounaaseen aukeavan kalliojyrkänteen eteläreunalla, etelään katsovassa kalliopinnassa. Laajahko punavärijälki - ei havaittavia kuvia.','3111 12','Arrajärvi','6766670','454828',NULL,NULL,'676951','345498','676951','345498','Kymijoki'),(20,'Mertavuori I-II / Märkjärvi','Iitti','Löytäjät Sinimarja ja Lasse Ojonen v. 1971. Märkjärven pohjoispäässä länteen aukeavassa kalliojyrkänteessä. Maalaukset kahdessa eri kohdassa (I ja II). Ainakin eläin- ja ihmishahmoja sekä siksak-kuvio.','3111 12','Arrajärvi','6762592','459316',NULL,NULL,'676543','345947','676543','345947','Märkjärvi / Kymijoki'),(21,'Rautakannanvuori','Iitti','Löytäjä Timo Miettinen v. 1976. Konniveden eteläosassa, itäkaakkoon aukeavassa kallioseinämässä. Hirvi, vene ja kuvakatkelmia.','3112 11','Konnivesi','6777835','456647',NULL,NULL,'678068','345680','678068','345680','Konnivesi / Kymijoki'),(22,'Kokkokallio / Koitere','Ilomantsi','Löytynyt ja ilmoitettu 1990-luvun lopulla (löytäjä ei halua nimeään julkisuuteen). (Myöhemmin on selvinnyt, että maalauksen oli havainnut ja valokuvannut joku ilomantsilainen valokuvaaja jo 1980-luvulla.) Koitereen lounaisosassa, lasku-uoman suulla, etelään aukeavassa kallioseinämässä. Maalauskatkelmia.','4242 12','Huhus','6977791','687890',NULL,NULL,'697550','453557','698069','368813','Koitere / Vuoksi'),(23,'Käklinkallio','Ilomantsi','Löytynyt ja ilmoitettu 1990-luvun lopulla (löytäjä ei halua nimeään julkisuuteen). Koitereen lasku-uoman Haapajoen luoteisrannalla, kaakkoon aukeavassa kallioseinämässä. Punavärijälkiä. Eri henkilöiden näkemykset siitä, ovatko värijäljet luontaisia vai maalausjäänteitä, menevät jyrkästi ristiin.\r\n\r\n(Kohdetta vastapäätä, Haapajoen kaakkoisrannan louhikossa on ihmisen pystyyn nostama kivi. On mahdotonta sanoa, onko kyseessä seita tms. vai muussa tarkoituksessa - ehkä myöhäänkin - pystytetty kivi.)','4242 12','Huhus','6976267','685038',NULL,NULL,'697411','453265','697917','368528','Koitere / Vuoksi'),(24,'Haukilahti','Jaala','','3114 02','Uimila','6780185','469622',NULL,NULL,'678303','346978','678303','346978','Karijärvi / Kymijoki'),(25,'Kapasaari','Jaala','Löytäjä Seppo Laatunen v. 1975. Vuohijärven pohjoisosassa, Hevossaaren itäpuolella sijaitsevan Kapasaaren länsirannalla sijaitsevassa länsiluoteeseen aukeavassa kallioseinämässä. Ihmisiä, hauki ja kuvakatkelmia.','3114 09','Voikoski','6789821','481367',NULL,NULL,'679267','348153','679267','348153','Vuohijärvi / Kymijoki'),(26,'Kintahuonvuori','Jaala','','3113 06','Oravala','6765401','470282',NULL,NULL,'676824','347044','676824','347044','Pyhäjärvi / Kymijoki'),(27,'Patakallio','Jaala','Löytäjä Timo Miettinen v. 1978. Karijärven kaakkoisosassa olevassa länsiluoteeseen aukeavassa kalliojyrkänteessä. Hyvin heikosti erottuva ihmishahmo.','3114 05','Huhdasjärvi','6778066','471361',NULL,NULL,'678091','347152','678091','347152','Karijärvi / Kymijoki'),(28,'Tupavuori','Jaala','Löytäjä Timo Miettinen v. 1975. Vuohijärven pohjoisosassa, Hevossaaren lounaisosassa olevassa länsilounaaseen aukeavassa kallioseinämässä. Hirvi, ihminen ja värijäännöksiä.','3114 06','Pökölä','6788991','479628',NULL,NULL,'679184','347979','679184','347979','Vuohijärvi / Kymijoki'),(29,'Uutelanvuori I-II','Jaala','Löytäjät Seppo Laatunen (I) ja Timo Miettinen (II) v. 1975. Karijärven koillisosassa olevassa länsilounaaseen aukeavassa kallioseinämässä kahdessa runsaan 100 m välimatkoin sijaitsevassa kohdassa. Ihmisiä, eläimiä ja kuvakatkelmia.','3114 02','Uimila','6781534','469212',NULL,NULL,'678432 - 44','346935 - 39','678432 - 44','346935 - 39','Karijärvi / Kymijoki'),(30,'Viherinkoski A','Joutsa','','3122 11','Joutsa','6844219','456997',NULL,NULL,'684709','345715','684709','345715','Viherinkoski (Puulavesi) / Kymijoki'),(31,'Viherinkoski B','Joutsa','','3122 11','Joutsa','6844329','457067',NULL,NULL,'684720','345722','684720','345722','Viherinkoski (Puulavesi) / Kymijoki'),(32,'Enkelinpesä','Juva','Ilmoittanut Risto Salomaa 1990-luvulla, ollut tiedossa 1980-luvun puolivälistä asti. Saimaan Siikaveden luoteisosassa, Kannusvuoren laella olevassa siirtolohkareessa, etelään katsovalla pinnalla. Yli 300 m Saimaan rannasta ja yli 50 m järven pintaa korkeammalla. Punavärialue, joka vaikuttaa maalaukselta (ei varmoja kuvioita). Mm. epätavallisen sijainnin vuoksi ei voida pitää varmana esihistoriallisena maalausjäänteenä. Aivan kesämökin kupeessa.','3144 02','Koikkala','6842450','542362',NULL,NULL,'684532','354255','684532','354255','Saimaa / Vuoksi - ei rantasidonnainen (Kannusvuoren laella)'),(33,'Hepo-oja','Juva','Löytynyt v. 1994 Juvan muinaisjäännösinventoinnin yhteydessä (Savonlinnan maakuntamuseo). Löytäjät: Timo Sepänmaa, Ville Laakso ja Antti Bilund. Saimaan Luonterin Pihlajasalon pohjoisosassa, Hepo-ojan ja sitä ympäröivän Suursuo-nimisen pellon koillispuolella olevassa lounaaseen aukeavassa kallioseinämässä. Noin 60 cm korkea ja 30 cm leveä punavärialue. Tulkinnat siitä, onko läikkä luontainen vai ihmisen tekemä, vaihtelevat jyrkästi eri henkilöiden kesken.','3144 02','Koikkala','6840211','545671',NULL,NULL,'684308','354586','684308','354586','Hepo-oja (Saimaa) / Vuoksi'),(34,'Papinsänky','Juva','Löytäjä Vuokko Ikonen v. 1993. Syysjärven Kokonlahdessa olevassa Papinsänky-nimisessä länteen aukeavassa kallioseinämässä, länsilounaaseen katsovalla pinnalla. Vaillinainen ihmishahmo.','3142 11','Syysjärvi','6842490','533506',NULL,NULL,'684536','353369','684536','353369','Syysjärvi / Vuoksi'),(35,'Sarkaslampi','Juva','','3144 01','Luonteri','6829335','549259',NULL,NULL,'683220','354945','683220','354945','Sarkaslampi (Saimaa) / Vuoksi'),(36,'Sarkasvuori','Juva','Löytäjä Rainer Wiceen ja Seppo Liinakoski v. 1983. Sarkaslammen itärannalla olevassa lounaaseen aukeavassa kallioseinämässä. Hirvi ja tunnistamaton kuvio.','3144 01','Luonteri','6829745','549109',NULL,NULL,'683261','354930','683261','354930','(Saimaa) / Vuoksi'),(37,'Halsvuori','Jyväskylän mlk','Löytäjä Timo Miettinen v. 1979. Pienen soistuneen lammen koillispuolella olevassa lounaaseen aukeavassa kalliojyrkänteessä. Kaksi ihmishahmoa, jotka pitävät vastakkaisissa käsissään jotakin (saaliseläimiä?). Näiden oikealla puolella kaksi läikkää, jotka tehty eri värisävyllä.','3212 06','Puuppola','6915949','438574',NULL,NULL,'691885','343872','691885','343872','(peruskartalle nimeämätön lampi)  / Kymijoki'),(38,'Käpinniemi','Jämsä (ent. Kuorevettä)','','2231 11','Lahdenperä','6869012','380576',NULL,NULL,'687002','253822','687190','338069','Kuorevesi / Kokemäenjoki'),(39,'Poroniemi / Jyrkätkalliot','Kesälahti','Löytänyt Kauko Toivainen 1970-luvulla, ilmoitus ja tarkastus v. 1977. Saimaan Puruveden kaakkoisosassa, Poroniemen etelärannalla, Jyrkätkalliot-nimisessä etelään aukeavassa kallioseinämässä. Punavärialue, ei erottuvia kuvia tai piirtoja. Näkemykset kohteesta - onko ihmisen vai luonnon tekemä - menevät eri henkilöiden kohdalla jyrkästi ristiin.','4213 07','Ruokkeenniemi','6865890','643968',NULL,NULL,'686575','448650','686878','364420','Saimaa / Vuoksi'),(40,'Juusjärvi','Kirkkonummi','Toinen Suomesta löytynyt kalliomaalaus. Tarkastanut lehtori Veikko Lehtosalo v. 1963 (löytäjästä ei tietoa). Juusjärven eteläpäässä olevassa länteen aukeavassa kallioseinämässä. Mm. ihmis-, siksak- ja kalakuvioita sekä kuvafragmentteja.','2032 09','Vitträsk','6674994','357308',NULL,NULL,'667510','252386','667780','335741','Juusjärvi / Mankinjoki'),(41,'Vitträsk / (Hvitträsk)','Kirkkonummi','Ensimmäinen Suomesta löytynyt kalliomaalaus. Ilmoittaja Jean Sibelius v. 1911 (ei varmuutta, oliko hän maalauksen löytäjä). Vitträsk-järven kaakkoisrannalla, puolisen kilometriä Hvitträskin huvilasta pohjoiseen. Verkkomaisia kuvioita ja katkelmia muista kuvioista (ilm. ainakin eläimistä).','2032 09','Vitträsk','6674614','362585',NULL,NULL,'667496','252915','667742','336269','Vitträsk / Mankinjoki'),(42,'Raidanlahti','Korpilahti','','3211 05','Oittila','6873417','434526',NULL,NULL,'687630','343467','687630','343467','Päijänne / Kymijoki'),(43,'Pyhänpää I-II','Kuhmoinen','Ensimmäiset värijäljet paikalla havaitsi Pekka Kivikäs kalliomaalausten etsintäretken yhteydessä v. 1992 (I). Vuonna 1996 Kivikäs, Seppo Kinos ja Timo Sepänmaa dokumantoivat em. kohdetta ja havaitsivat noin 10 m:n päässä paksun jäkäläkerroksen alla aavistuksenomaista punavärialuetta. Seuraavana vuonna Kivikäs, Kinos, Sepänmaa ja Eero Siljander harjasivat jäkälät epäillyltä alueelta, jolloin keskeinen maalausalue (II) löytyi. Sijaitsee Päijänteen länsirannalla, itään pistävän laajan Pyhänpää-nimisen niemen itäkärjessä, kaakkoon aukeavassa kallioseinämässä. Pyhänpää I:ssä ainakin kaksi paria pystymäisiä punavärijälkiä - mahdollisesti jäännöksiä ihmisistä. II:ssa hirvi, ihmisiä, veneitä, kaksi vinoristiä ja tulkitsematon kuva-alue.','2144 10','Ruolahti','6835187','419144',NULL,NULL,'683800','257832','683806','341927','Päijänne / Kymijoki'),(44,'Pyhävuori','Kuhmoinen','','2144 10','Ruolahti','6834817','418917',NULL,NULL,'683762','257811','683769','341904','Päijänne / Kymijoki'),(45,'Julma-Ölkky','Kuusamo','Tamperelaisen hiihtoseurueen v. 1978 löytämä. Pohjois-etelä -suuntaisen Julma-Ölkky nimisen rotkojärven itärannalla olevan kalliojyrkänteen etelään avautuvassa osassa. Ainakin kaksi ihmishahmoa ja hirvieläin.','4514 03','Julma-Ölkky','7271045','607457',NULL,NULL,'727226','446904','727409','360768','Julma-Ölkky / Oulujoki'),(46,'Pakanavuori','Kuusankoski','Löytäjä T. Miettinen v. 1974. Kymijoen niskan itärannalla olevassa länteen - lounaaseen osoittavassa kallioseinämässä. Mitä ilmeisimmin vesistösuhteet kivikaudella, maalausta tehtäessä, ovat olleet samantyyppiset kuin nykyisin, eli kallioseinämä on ollut toistakymmentä metriä vedenpinnan yläpuolella (huom!). Kyseessä on siis yksi harvoista maalauksista, joita ei ole tehty suoraan vedenpinnalta käsin. Kallio on kuitenkin ollut näkyvä ja  myös vedenpinnalta katsoen ja vesitse kulkemisen kannalta keskeisellä paikalla. Huomaa paikannimi \"Pakanavuori\". Punaväriä on usean neliömetrin alalla - tunnistettavia kuvioita on ainakin muutama ihmishahmo.','3113 05','Kuusankoski','6756794','478039',NULL,NULL,'675963','347820','675963','347820','Kymijoki'),(47,'Hopeakallio','Lammi','Löytäneet v. xxxx Pekka Kivioäs ja Timo Miettinen kokeellisen etwsintäretken tuloksena. Mukana oli myös arkeologian opiskelija BBBBBB. Ei varmudella tunnistettavia kuvioita, mutta useimpien asiantuntijoiden mukaan kalliomaalaus.','2134 04','Lammi','6771265','397772',NULL,NULL,'677314','255990','677411','339789','Pääjärvi / Kokemäenjoki. Pääjärven koillisrannan keskitienoilla olevassa suoraan veteen putoavassa rantakalliossa.'),(48,'Keltavuori','Lappeenranta','Löytäjä Heimo Lensu v. 1976. Humaljärven eteläosassa, itäkoilliseen aukeavassa kallioseinämässä. Kaksi ihmishahmoa, siksak-viiva ja kuvakatkelmia.','3133 05','Pulsa','6757025','556207',NULL,NULL,'675986','355640','675986','355640','Humaljärvi (/muin. Selänalanjärvi?) / TARK!'),(49,'Salmenvuori','Lappeenranta','Löytäjä Timo Miettinen v. 1980. Vetjanjärven eteläpuolella olevan salmen länsirannalla olevassa itäkoilliseen aukeavassa kallioseinämässä. Paikka on Saimaan muinaisen lasku-uoman, ns. Kärenlammen uoman varrella. Hirviä, ihmisiä, veneitä ja kuvakatkelmia.','3133 03','Huomola','6765451','548450',NULL,NULL,'676829','354864','676829','354864','Vetjanjärvi / Kymijoki'),(50,'Iso-Kuhajärvi','Laukaa','Löytänyt Arja Finni v. 2001. Iso-Kuhajärven itärannalla, pienen lohkareluolan sisällä. Selvä punavärialue ilman erotettavia kuvioita. Lisäksi viitisenkymmentä metriä kohteesta itään on toisen kallioseinämän yläosassa epämääräistä punaväriä (erottuu vain vain hyvissä olosuhteissa).','3212 03','Vihtavuori','6916179','444991',NULL,NULL,'691908','344514','691908','344514','Iso-Kuhajärvi / Kymijoki'),(51,'Saraakallio I','Laukaa','Heikki Hirvisen v. 1975 ilmoittama. Saraaveden itärannalla lounaaseen aukeavassa kallioseinämässä. Kuvamerkkien lukumäärän perusteella Suomen (ja Skandinavian) laajin kalliomaalaus.','3221 07','Laukaa','6921097','448190',NULL,NULL,'692400','344834','692400','344834','Saraavesi / Kymijoki'),(52,'Saraakallio II','Laukaa','Löytäjä Pekka Kivikäs v. 1989. Saraaveden itärannalla, pienessä lounaaseen aukeavassa kallioseinämässä. Saraakallio I:n maalauskentästä 250 m kaakkoon. Kaksi ihmishahmoa, kuviokatkelmia ym.','3221 07','Laukaa','6920928','448390',NULL,NULL,'692383','344854','692383','344854','Saraavesi / Kymijoki'),(53,'Uittovuori','Laukaa','Ilmoittanut Pekka Pitkänen v. 1999. Ilmoittaja ollut havaitsevinaan seinämässä maalauksia \"15 vuoden aikana\". Kynsiveden ja Leivonveden välisen Paanalansaaren luoteisosassa, Uittovuoren länteen katsovassa kallioseinämässä. Ihmishahmo, rengas ja kolmen viivan sarja.','3214 03','Kuuhankavesi','6916879','461234',NULL,NULL,'691978','346139','691978','346139','Kynsivesi / Kymijoki'),(54,'Haukkasaari','Lemi','','3131 12','Huuhtsalo','6765041','537035',NULL,NULL,'676788','353722','676788','353722','Kivijärvi / Kymijoki'),(55,'Ilmuksenvuori','Lemi','','3131 12','Huuhtsalo','6764621','537435',NULL,NULL,'676746','353762','676746','353762','Kivijärvi / Kymijoki'),(56,'Linnasaari','Lemi','','3133 03','Huomola','6763122','540003',NULL,NULL,'676596','354019','676596','354019','Kivijärvi / Kymijoki'),(57,'Ruominkapia','Lemi','Löytäjä Veikko Suonio v. 1975. Kivijärven koillisosassa, Ruominkapia-nimisen salmen koillisrannalla, Haikkaanvuori-nimisen mäen länsilounaaseen aukeavassa kallioseinämässä. Hirviä, ihmisiä, veneitä ym.','3133 03','Huomola','6767061','542492',NULL,NULL,'676990','354268','676990','354268','Kivijärvi / Kymijoki'),(58,'Venäinniemi','Lemi','Löytäjä Veikko Suonio v. 1980. Kivijärven keskiosassa, Suursaaren itärannalla olevassa itään aukeavassa kallioseinämässä. Ihmisiä, kämmenpainamia ja venekuvia sekä kuvakatkelmia.','3133 03','Huomola','6763722','539963',NULL,NULL,'676656','354015','676656','354015','Kivijärvi / Kymijoki'),(59,'Karstun Linnanmäki','Lohja','Löytynyt Fibula ry:n inventointiretken yhteydessä v. 1991. Inventoinnin johtajana oli Petro Pesonen. Lohjanjärven koillispuolella, Linnanmäki-nimisen kalliomäen etelään katsovassa pystysuorassa seinämässä. Punaväriläikkä (saattaa olla luontainen). (Linnanmäki on mahdollinen rautakautinen tai varhaiskeskiaikainen muinaislinna, mutta tätä todistavia rakenteita tai löytöjä ei mäen alueelta ole tavattu.)','2023 10','','6688402','330552',NULL,NULL,'668728','249652','669121','333065','(Lohjanjärvi) / Mustionjoki'),(60,'Avosaari','Luhanka','Löytäjä Timo Miettinen v. 1976. Päijänteen itäosassa, Avosaaren länsirannan länteen aukeavan jyrkän kallion (nimeltään Varpusenlinna) eteläpäässä. Hirvikuvio ja jäänteitä kahdesta samantyyppisestä.','3122 05','Kammiovuori','6844288','430817',NULL,NULL,'684716','343096','684716','343096','Päijänne / Kymijoki'),(61,'Salminkallio','Luopioinen','Löytäjä Ilkka Toivonen v. 1987. Kukkia-järven keskiosassa, Evinsalon pohjoispuolella olevan Kuivassalmen pohjoisrannalla, eteläkaakkoon avautuvassa kalliojyrkänteessä. Maalauksen etualalla ja ympäristössä olevassa louhikossa on merkkejä kivikautisesta asuinpaikasta (kvartsi-iskoksia). Ihmishahmoja (joista yksi pitää kädessään siksak-muotoista esinettä) sekä useita maalausjälkiä.','2141 10','Luopioinen','6803129','378169',NULL,NULL,'680408','253885','680598','337828','Kukkia / Kokemäenjoki'),(62,'Ievasvuori','Luumäki','','3131 09','Pentti','6760373','519912',NULL,NULL,'676321','352009','676321','352009','Hiijärvi / Kymijoki'),(63,'Inkilä','Luumäki','Löytäjä Timo Miettinen v. 1980. Tuohtiaisen koillisosassa, Puntarniemessä olevassa länsilounaaseen olevassa kallioseinämässä. Löytöhetkellä paikalla oli havaittavissa ihmishahmo ja värijäänteitä, nyttemmin tunnistettava kuvio on tuhoutunut kallion rapautumisen vuoksi.','3131 09','Pentti','6766401','519922',NULL,NULL,'676924','352010','676924','352010','Tuohtiainen / Kymijoki'),(64,'Kalamaniemi I','Luumäki','Löytäjä Timo Miettinen v. 1980. Tuohtiaisen ja Kelkjärven välisen virran (Kalamasalmi) pohjoisrannalla olevan niemen eteläkärjessä, etelään ja itäkaakkoon aukeavassa kallioseinämässä. Hirvi, venekuvio ja värijäänteitä.','3131 09','Pentti','6764631','520461',NULL,NULL,'676747','352064','676747','352064','Tuohtiainen / Kymijoki'),(65,'Kalamaniemi II','Luumäki','Löytäjä Timo Miettinen v. 1980. Tuohtiaisen itäosassa, Kelkjärvestä laskevan virran itärannalla olevassa länteen aukeavassa kallioseinämässä. Hirvi, ihmisiä ja venekuvia.','3131 09','Pentti','6765131','520231',NULL,NULL,'676797','352041','676797','352041','Tuohtiainen / Kymijoki'),(66,'Muuraisvuoret','Luumäki','Löytäjä Timo Miettinen v. 1980. Kivijärven länsiosassa, Kokonniemen itärannalla olevassa itään aukeavassa kallioseinämässä. Venekuva.','3131 12','Huuhtsalo','6760173','532676',NULL,NULL,'676301','353286','676301','353286','Kivijärvi / Kymijoki'),(67,'Myllylampi / Myllyoja','Luumäki','Löytäjä Kimmo Seppänen v. 1985. Myllylammen eli Kipolammen pohjoispuolella, Myllyojan itäpuolella olevassa etelälounaaseen aukeavassa kallioseinämässä. Ihminen, veneitä ja maalausjäänteitä.','3131 06','Kannuskoski','6763202','518922',NULL,NULL,'676604','351910','676604','351910','Myllyoja (/Myllylampi)  / Kymijoki'),(68,'Rantomäki / Hiijärvi','Luumäki','Epämääräinen läikkä.','3131 06','Kannuskoski','6761523','519642',NULL,NULL,'676436','351982','676436','351982','Hiijärvi / Kymijoki'),(69,'Siliävuori','Luumäki','Löytäjä Timo Miettinen v. 1980. Virmojärven itärannalla olevan pitkän kallioseinämän keskiosassa,  länsilounaaseen aukeavassa kohdassa. Hirvieläimiä, ihmisiä, mahdollisia venekuvia ja maalauskatkelmia.','3134 04','Rutola','6767950','519082',NULL,NULL,'677079','351926','677079','351926','Virmojärvi / Kymijoki'),(70,'Valkjärvi','Luumäki','','3133 02','Suo-Anttila','6749808','549530',NULL,NULL,'675264','354972','675264','354972','Valkjärvi (/muin. Selänalanjärvi?) / '),(71,'Vaskivuori I-IV / Elkiä','Luumäki','Löytäjä Timo Miettinen v. 1980. Elkiänjärven itärannalla olevassa länsilounaaseen aukeavassa kallioseinämässä. Ihmishahmo ja värijäänteitä.','3133 02','Suo-Anttila','6748868','545092',NULL,NULL,'675170','354528','675170','354528','Elkiänjärvi (/ muin. Selänalanjärvi?) / TARK!!!'),(72,'Ristniemenvuori','Miehikkälä','','3131 10','Luotosenjärvi','6739872','537435',NULL,NULL,'674270','353762','674270','353762','Metsäisenjärvi / tark!!!'),(73,'Verijärvi / Haukilahti','Mikkeli','Ilmoitettu kahdelta eri taholta v. 1990: Heljä Angervo-Karttusen ja Antero Karttusen etsintäretken tuloksena sekä \"poikaryhmän\" löytämänä. Hirvi, kolme ihmistä, joista kaksi ylösalaisin sekä maalauskatkelmia. Sukellustutkimuksissa (J. Grönhagen) maalauksen edustalla todettu veteen pudonneita kalliolohkareita, joissa maalauskatkelmia.','3142 02','Vuolinko','6841860','507236',NULL,NULL,'684473','350741','684473','350741','Verijärvi (/ Puulavesi) / Kymijoki'),(74,'Haukkavuori I-III','Mäntyharju','Löytäjä Timo Miettinen v. 1975 vihjeen perusteella. Sarkaveden itärannalla olevan länteen - länsilounaaseen viettävässä kallioseinämässä kolmessa eri kohdassa n. 300 m:n matkalla. Ylösalaisin oleva ihminen, kämmenpainama, venekuvia ym.','3123 07','Juolasvesi','6799987','487894',NULL,NULL,'680284','348806','680284','348806','Sarkavesi / Kymijoki'),(75,'Itkonlahti','Mäntyharju','Löytäjä Lauri Pohjakallio v. 1975. Kallaveden itäosan etelärannalla, itäkaakkoon katsovassa kallioseinämässä. Ihminen, hirviä ja kuvakatkelmia.','3141 01','Herajärvi','6806804','506327',NULL,NULL,'680966','350650','680966','350650','Kallavesi / Kymijoki'),(76,'Kannonalus','Mäntyharju','Löytäneet Eero Siljander ja Jani Vatka v. 1997 kalliomaalausten etsintäretken yhteydessä. Sarkasveden keskiosan itärannalla, lounaiseen katsovassa kallioseinämässä. Kaksi päällekkäistä venekuvaa.','3123 07','Juolasvesi','6800686','487435',NULL,NULL,'680354','348760','680354','348760','Sarkavesi / Kymijoki'),(77,'Linnakallio','Nastola','Maalauksen löysi Lahden museon kalliomaalausinventoinnin yhteydessä Hannu Poutiainen v. 2003. Salajärven itärannalla, länteen katsovassa kallioseinämässä. Punavärijälkiä, jotka voidaan tulkita hirvieläimeksi ja venekuvion jäänteiksi. Kyseinen Linnakallio on rautakautinen muinaislinna. Kallion lakialueella on rautakautisten varustusten jäännöksiä.','3111 09','Nastola','6763871','444162',NULL,NULL,'676671','344331','676671','344331','Salajärvi / Kymijoki'),(78,'Rekottilan Linnavuori','Paimio','','2021 06','Kevola','6706603','265929',NULL,NULL,'670252','243114','670940','326603','Sauvonjoki'),(79,'Kuorevaara','Parikkala (ent. Uukuniemeä)','Löytäjä Seppo Kinos v. 1993. Ylä-Kuorejärven pohjoispään itäpuolella, maantien itälaidalla olevassa siirtolohkareessa. Lähinnä länteen katsovan lipan alla on voimakasta punavärialuetta ja maalausjälkiä, mutta myös kiven muilla pinnoilla. Ei varmuudella tunnistettavia kuvia.','4124 11','Niukkala','6848130','653417',NULL,NULL,'684757','449512','685099','365366','Ylä-Kuorejärvi / TARK!!!'),(80,'Louhisaari','Parikkala (ent. Uukuniemeä)','Löytäjä Olavi Ahokas v. 1989. Pyhäjärven keskiosassa, aivan Parikkalan (ent. Uukuniemen) ja Kesälahden rajan tuntumassa, aivan rajavyöhykkeen läheisyydessä, Louhisaaren länsirannalla olevassa lounaaseen aukeavassa kallioseinämässä. Pystymäinen kuvasarja, ilmeisesti hirviä.','4231 01','Närsäkkälä','6862184','663178',NULL,NULL,'686116','450552','686508','366341','Pyhäjärvi / Vuoksi'),(81,'Murronvuori','Punkaharju','','4122 08','Pietolansaari','6840771','604354',NULL,NULL,'684248','444576','684364','360458','Saimaa / Vuoksi'),(82,'Kaitajärvi / Kaidansalo','Puumala','','3144 07','Keriniemi','6830975','560465',NULL,NULL,'683384','356066','683384','356066','Kaitajärvi / Vuoksi'),(83,'Kuutinvuori','Puumala','Löytänyt Reino Parkkinen v. 1945, mutta ilmoittanut vasta v. 2005. Saimaan Miettulanlahden länsirannalla, itäkaakkoon katsovassa kallioseinämässä. Useita maalausjäänteitä, tunnistettavia ainakin hirvi ja ihminen. Maalauskohdan alapuolella, samoin kuin laajemminkin samassa kallioseinämässä, on useita hinaajien ja muiden veneiden nimiä, punavärillä kirjoitettuina. Paikka on ollut hinaajien yms. eräänlaisena satamana.','3143 06','Rokansalo','6825937','559365',NULL,NULL,'682880','355956','682880','355956','Saimaa / Vuoksi'),(84,'Maksasaarenselkä','Puumala','Löytäjä Geri Steve v. 1981. Saimaan Maksasaarenselän pohjoisrannalla, Viljakansaaren Riihonniemessä olevassa etelälounaaseen aukeavassa kallioseinämässä. Hirvieläimiä, mahdollinen ihmishahmo ja laaja punavärialue.','3143 12','Ummistonvesi','6822268','579437',NULL,NULL,'682513','357964','682513','357964','Saimaa / Vuoksi'),(85,'Sourunniemi','Puumala','','3143 09','Puumala','6826397','567372',NULL,NULL,'682926','356757','682926','356757','Saimaa / Vuoksi'),(86,'Syrjäsalmi','Puumala','Löytäjä Lauri ja rva Arvola v. 1977. Saimaan Ummistonveden pohjoisosassa olevan Syrjäsalmen itärannalla olevassa länsilounaaseen aukeavassa kallioseinämässä. Ihmisiä, hirvieläimiä ja kuvakatkelmia.','3143 12','Ummistonvesi','6822818','569841',NULL,NULL,'682568','357004','682568','357004','Saimaa / Vuoksi'),(87,'Vetotaipale / Lieviskä','Puumala','Löytäjä Risto Kupiainen v. 1992, liittyen Hannu Poutiaisen, Martti Koposen ja Risto Kupiaisen kalliomaalausten  etsintäprojektiin. Saimaan Lieviskänlahden pohjoisrannalla, lounaaseen aukeavassa kallioseinämässä. Hirvieläimiä, venekuva ja kuvakatkelmia.','4121 03','Katosselkä','6823924','586658',NULL,NULL,'682646','442730','682679','358688','Saimaa / Vuoksi'),(88,'Toussunlinna','Rautalampi','Löytyi syksyllä 2004 Mikroliitti Oy:n suorittaman Rautalammen Hankaveden muinaisjäännösinventoinnin yhteydessä. Löytäjä Timo Sepänmaa. Ainakin ihminen ja hirvieläimiä.','3223 08','Myhinpää','6935052','489153',NULL,NULL,'693796','348928','693796','348928','Hankavesi / Kymijoki'),(89,'Riuttavuori / Nurmijärvi','Rautjärvi','Löytäjä Minna Kähtävä-Marttinen v. 1997 Rautjärven muinaisjäännösinventoinnin yhteydessä. Nurmijärvellä olevan Suurisaaren länsikärjessä olevassa lounaaseen katsovassa kallioseinämässä. Mm. ihmishahmo.','4121 10','Untamo','6806643','614954',NULL,NULL,'680789','445478','680950','361518','Nurmijärvi / '),(90,'Torsajärvi','Rautjärvi','Löytäjä Minna Kähtävä-Marttinen v. 1997 Rautjärven muinaisjäännösinventoinnin yhteydessä. Torsajärven pohjoisrannalla olevan etelään pistävän niemen kärjessä, etelään katsovassa kallioseinämässä. Punaväriläikkä.','4121 11','Torsansalo','6812259','619559',NULL,NULL,'681329','445964','681511','361979','Torsajärvi / Kokkolanjoki'),(91,'Astuvansalmi','Ristiina','Löytäjät Anja ja Pekka Sarvas harrastusmielellä tehdyn kalliomaalausten etsintäretken yhteydessä v. 1968. Kohde on Suomen tunnetuin kalliomaalaus ja yksi kolmesta suuresta kalliomaalauskohteesta Laukaan Saraakallion ja Suomussalmen Värikallion ohella. Kymmeniä kuvamerkkejä - ainakin ihmisiä, hirvieläimiä, veneitä ym. Saimaan Yöveden pohjoisrannalla lounaaseen aukeavassa kallioseinämässä.  Paikalle on opastettu (n. 3 km pituinen) polku Ristiina - Puumala -tieltä. Koekaivauksissa maalauksen edustalta v. 1968 (P. Sarvas) löytyi kaksi nuolenkärkeä (kivikauden lopulta ja pronssikaudelta) ja järven pohjasta maalausalueen edustalta sukellustutkimuksissa (J. Grönhagen 1990 - 92) 4 meripihkariipusta (ilmeisesti kivikaudelta tyypillisen kampakeramiikan ajalta), hiomakivi (?) ja eläimen luu.','3141 08','Himalansaari','6812382','529018',NULL,NULL,'681524','352920','681524','352920','Saimaa / Vuoksi'),(92,'Uittamonsalmi I-IV (Vierivuori)','Ristiina','Löytäjät Jorma E. ja Mikko Setälä v. 1975. Yöveden Uittamonsalmen koillisrannalla, lounaaseen aukeavassa kallioseinämässä. Neljässä erillisessä kohdassa n. 200 m:n matkalla.','3141 08','Himalansaari','6813741','519991',NULL,NULL,'681655 - 65','352011 - 26','681655 - 65','352011 - 26','Saimaa / Vuoksi'),(93,'Kolmiköytisienvuori','Ruokolahti','Löytäjä Timo Miettinen v. 1977. Saimaan Äitsaaren länsirannalla, länsilounaaseen aukeavassa kalliojyrkänteessä. Ihmisiä, hirvieläin ym.','4112 03','Mietinsaari','6794021','587253',NULL,NULL,'679655','442652','679687','358747','Saimaa / Vuoksi'),(94,'Lapinvuori','Ruokolahti','Löytäjä Ilpo Leskinen v. 1994. Saimaan Pytäränsaaren länsirannalla, kapean pohjois-etelä -suuntaisen salmen itärannalla, länteen aukeavassa Lapinvuori-nimisessä kallioseinämässä. Punavärijälki, ei erotettavia kuvia (tuhoutunut maalaus).','3143 12','Ummistonvesi','6819260','578028',NULL,NULL,'682212','357823','682212','357823','Saimaa / Vuoksi'),(95,'Luotolahti','Savitaipale','Epämääräinen läikkä.','3132 12','Kuolimo','6795959','532816',NULL,NULL,'679881','353300','679881','353300','TARK!!!'),(96,'Ruuniemi','Savitaipale','','3132 10','Laksiainen','6768660','533096',NULL,NULL,'677150','353328','677150','353328','Jäkälänjärvi / Kymijoki'),(97,'Haukkavuori','Savonlinna','Löytäjä Risto Kupiainen v. 1992, liittyen Hannu Poutiaisen, Martti Koposen ja Risto Kupiaisen kalliomaalausten etsintäprojektiin. Saimaan Pihlajaveden koillisrannan tuntumassa olevan Sorvammen länsirannalla, Haukkavuoren itäkoilliseen aukeavassa kallioseinämässä. Mahdollinen ihmishahmo ja maalausjälkiä.','4122 09','Ikonniemi','6851414','604664',NULL,NULL,'685310','444656','685428','360489','Sorvalampi (/ Saimaa) / Vuoksi'),(98,'Orivuori','Savonlinna','','4122 11','Moinsalmi','6851273','609214',NULL,NULL,'685275','445110','685414','360945','Orilampi (/ Saimaa) / Vuoksi'),(99,'Porossalmi / Hepokallio','Savonlinna','Löytäjä Risto Kupiainen v. 1993 (liittyen Hannu Poutiaisen, Martti Koposen ja Risto Kupiaisen kalliomaalausten etsintähankkeeseen). TARK!!! -saaren pohjoisrannalla, kapean Porossalmen etelärannan itäosassa, pohjoiseen aukeavassa kallioseinämässä. Punavärijälki, joka saattaa olla luonnon tekemä.','4122 11','Moinsalmi','6844254','613040',NULL,NULL,'684556','445460','684712','361327','Saimaa / Vuoksi'),(100,'Rapakko / Saunalahdenniemi','Savonlinna','Löytäjä Risto Kupiainen v. 1993, liittyen Hannu Poutiaisen, Martti Koposen ja Risto Kupiaisen kalliomaalausten etsintäprojektiin. Saimaan Pihlajaveden Rapakonsaaren koillisosassa, Saunalahdenniemellä olevassa siirtolohkareessa, itään aukeavalla pinnalla.','4122 03','Kommerniemi','6857396','586414',NULL,NULL,'685992','442860','686027','358664','Saimaa / Vuoksi'),(101,'Kivikirkko','Sulkava','Löytäjät Hannu Poutiainen ja Timo Sepänmaa v. 1990. Saimaan Partalansaaren länsiosassa, Kiviniemen itäpuolella, Kivikirkko-nimisen suuren siirtolohkareen itään aukeavalla sivulla. Maalausjäänteitä n. 1 m2 alalla, ei selviä kuvia.','3144 08','Ryhälä','6839851','567182',NULL,NULL,'684272','356738','684272','356738','(Saimaa /) Vuoksi'),(102,'Viidanmäki','Sulkava','Löytäjä Martti Koponen v. 1992, liittyen Hannu Poutiaisen, Martti Koposen ja Risto Kupiaisen kalliomaalausten etsintäprojektiin. Saimaan Partalansaaren koillisosassa, Sammallahden kaakkoispohjukassa, Viidanmäen lounaaseen aukeavassa kallioseinämässä. Hirvi ja maalauskatkelmia.','3133 11','Kaartilankoski','6843850','575419',NULL,NULL,'684672','357562','684672','357562','Saimaa / Vuoksi'),(103,'Louhtovuori','Suomenniemi','Löytäjä Timo Miettinen 1981 (J. Jäkälä havainnut v. 1975, muttei ilmoittanut löydöstä). Kuolimon länsirannalla olevassa itäkoilliseen aukeavassa kallioseinämässä. Hirvieläimiä.','3141 04','Karkaus','6805385','516043',NULL,NULL,'680824','351622','680824','351622','Kuolimo / Vuoksi'),(104,'Värikallio','Suomussalmi','Löytäjät Juha Rossi ja Leena Mäkelä v. 1977. Oulujoen vesistöalueen latvalla olevan Somerjärven itäosan koillisrannalla, lounaaseen viettävässä kallioseinämässä. Yksi Suomen kolmesta laajimmasta maalauksesta (Saraakallio I:n ja Astuvansalmen ohella). Kymmeniä kuva-aiheita, mm. ihmisiä, hirvieläimiä, ym.','4514 02','Syrjäsomer','7267697','606495',NULL,NULL,'726896','446792','727074','360672','Somerjärvi / Oulujoki'),(105,'Kannuksen Linnavuori','Taipalsaari','Löytäjät Kaarlo Katiskoski, Teemu Mökkönen ja Risto Kesseli v. 1997. Sijaitsee eteläisen Saimaan Riutanselän luoteisosassa, lounaiseen viettävässä kallioseinämässä. Mäen laella on myöhäisrautakautisen puolustusvarustuksen jäännöksiä (kiveystä).','3134 02','Vitsai','6782154','548090',NULL,NULL,'678500','354828','678500','354828','Saimaa / Vuoksi'),(106,'Lamposaari','Taipalsaari','Löytäjä Orvo Arkko v. 1993. Pien-Saimaan Lamposaaren länsikärjessä, länteen aukeavalla kalliopinnalla. Kaksi epämääräistä punavärijälkeä. Mahdollisesti luontaisia.','3134 09','Suuri Jänkäsalo','6795589','567952',NULL,NULL,'679844','356815','679844','356815','Saimaa / Vuoksi'),(107,'Lintuinvuori','Taipalsaari','Löytäjät Kaarlo Katiskoski ja Teemu Mökkönen v. 1998. Sijaitsee eteläisen Saimaan Koneenselän koillisrannalla, länteen - lounaaseen katsovassa kallioseinämässä.','3134 02','Vitsai','6782524','546201',NULL,NULL,'678537','354639','678537','354639','Saimaa / Vuoksi'),(108,'Ruusin Turasalo','Taipalsaari','Löytäjä Timo Miettinen v. 1975. Pien-Saimaalla, Ruusin Turasalon eteläosassa, länsilounaaseen aukeavassa kallioseinämässä. Hirvieläin ja kaksi ihmistä.','3134 04','Rutola','6776627','557406',NULL,NULL,'677947','355760','677947','355760','Saimaa / Vuoksi'),(109,'Suuri Turasalo','Taipalsaari','Löytäjä Timo Miettinen. Piensaimaan Suuren Turasalon lounaisrannalla, lounaaseen aukeavassa kallioseinämässä. Punavärijälki, mahdollisesti luontainen.','3134 05','Taipalsaari','6778086','556247',NULL,NULL,'678093','355644','678093','355644','Saimaa / Vuoksi'),(110,'Valkeissaari I-II','Taipalsaari','Löytäjä / ilmoittaja Keijo Koistinen v. 1966. Saaren lounaisosan rantakalliossa, kahdella korkeustasolla. Ainakin kaksi venekuviota, joissa ihmishahmoja. Löytötapahtuman yhteydessä edustalta löytyi suuri osa tekstiilikeraamista saviastiaa (typologinen ajoitus pronssikausi). Kaivaus v. 2006 (Antti Lahelma).','3134 02','Vitsai','6779695','549030',NULL,NULL,'678254','354922','678254','354922','Saimaa / Vuoksi'),(111,'Jyrkkävuori','Valkeala','Löytäjä Timo Miettinen v. 1984. Rapojärven länsirannalla olevassa itäkaakkoon aukeavassa kallioseinämässä. Ihmisiä, hirvieläimiä ja kuvakatkelmia.','3113 11','Utti','6755185','492333',NULL,NULL,'675802','349250','675802','349250','Rapojärvi / Kymijoki'),(112,'Lakiasuonvuori','Valkeala','Löytäjä Timo Miettinen v. 1985 ja TARK!!!. Lakiasuon (kuivattua / kuivunutta järvenpohjaa) länsipuolella olevassa itäkoilliseen aukeavassa kallioseinämässä kahdessa, parinkymmenen metrin etäisyydellä olevassa kohdassa. Hirvi, ihminen ja kuvakatkelmia.','3113 11','Utti','6756135','496471',NULL,NULL,'675897','349664','675897','349664','Lakiasuo / Kymijoki'),(113,'Löppösenluola','Valkeala','Löytäjät Pekka Sarvas ja J.-P. Taavitsainen v. 1974. Heti maalausjäännöksen oikealla (etelä-) puolella on luolamainen kalliomuodostuma, jonka suojaan on tehty tulisija ja kivisiä tuulensuojia. Perimätiedon mukaan hiljattain (1900-l. alkup. tai 1800-l.) luolassa on asunut erakkomaista elämää viettänyt mies, jonka sukunimen mukaan paikka on nimetty Löppösenluolaksi. Maalaus on hyvin haaleasävyinen - selvimmin erottu kämmenpainama, lisäksi on muita maalausjäänteitä.','3114 11','Luujärvi','6782394','491283',NULL,NULL,'678524','349145','678524','349145','Repovesi / Kymijoki'),(114,'Olhavanlampi / Olhavanvuori','Valkeala','','3113 11','Luujärvi','6783454','491343',NULL,NULL,'678630','349151','678630','349151','Olhavanlampi / Kymijoki'),(115,'Revonkärki','Valkeala','Epämääräinen läikkä.','3113 11','Utti','6755865','493132',NULL,NULL,'675870','349330','675870','349330','Rapojärvi / Kymijoki'),(116,'Verla','Valkeala','Löytäjä Timo Miettinen muinaisjäännösinventoinnin yhteydessä v. 1974. Verlankosken niskalla olevassa lounaaseen aukeavassa kalliossa vastapäätä Verlan kylää.Vastarannalla esittelykyltti ja kaukoputki. Hirvijono ja ihmishahmoja.','3114 07','Vuohijärvi','6769909','480398',NULL,NULL,'677275','348056','677275','348056','Verlankoski / Kymijoki'),(117,'Voikoski','Valkeala','Löytäjä Timo Miettinen v. 1977. Sarkaveden eteläpäässä, Voikosken niskan itärannalla, länsilounaaseen aukeavassa kalliojyrkänteessä. Ihmishahmo, kaareva viiva, vene ja kuvakatkelmia.','3114 09','Voikoski','6791510','487864',NULL,NULL,'679436','348803','679436','348803','Sarkavesi / Voikoski / Kymijoki'),(118,'Lautmäki','Vihti','','2041 08','Ojakkala','6694262','363219',NULL,NULL,'669462','252889','669707','336332','Salmijärvi / Vantaanjoki'),(119,'Pyyslampi','Vihti','','2041 11','','6691737','365916',NULL,NULL,'669222','253170','669455','336602','Pyyslampi / Vantaanjoki');
/*!40000 ALTER TABLE `maalaukset` ENABLE KEYS */;
UNLOCK TABLES;

--
-- Table structure for table `myyntipiste`
--

DROP TABLE IF EXISTS `myyntipiste`;
/*!40101 SET @saved_cs_client     = @@character_set_client */;
/*!40101 SET character_set_client = utf8 */;
CREATE TABLE `myyntipiste` (
  `id` int(10) unsigned NOT NULL AUTO_INCREMENT,
  `otsikko` text,
  `sisalto` text,
  `otsikko_id` int(11) NOT NULL,
  `kuva` text,
  `pdf` text,
  `pdf_otsikko` text,
  PRIMARY KEY (`id`)
) ENGINE=MyISAM AUTO_INCREMENT=59 DEFAULT CHARSET=latin1;
/*!40101 SET character_set_client = @saved_cs_client */;

--
-- Dumping data for table `myyntipiste`
--

LOCK TABLES `myyntipiste` WRITE;
/*!40000 ALTER TABLE `myyntipiste` DISABLE KEYS */;
INSERT INTO `myyntipiste` VALUES (47,'','',6,'kortti_4.jpg','',''),(45,'','',6,'kortti_2.jpg','',''),(46,'','',6,'kortti_3.jpg','',''),(44,'Postikortit','<p>20 kpl 10 &euro; = 0,50 &euro;/ kpl<br /> 50 kpl 20 &euro; = 0,40 &euro;/ kpl<br /> 100 kpl 35 &euro; = 0,35 &euro;/ kpl</p>\r\n<p>Pienempi&auml; m&auml;&auml;ri&auml; voi ostaa seuran tilaisuuksista.</p>\r\n<p>Tilaukset ja tiedustelut s&auml;hk&ouml;postina:  aurahelena.karjalainen(at)edu.hel.fi</p>',6,'kortti_1.jpg','',''),(17,'','',1,'akka_hopea.jpg','',''),(18,'','',1,'akka_pronssi.jpg','',''),(16,'Astuvan Akka -jäljennökset ','<p>pronssi 50 &euro; / kpl<br /> hopea 75 &euro; / kpl</p>\r\n<p>Toimitus- ja pakkauskulut on 8 &euro; / l&auml;hetys em. hinnan lis&auml;ksi  kaikista tilauksista.</p>\r\n<p>Myyj&auml; ei ole alv-velvollinen.<br /> Tilaukset toimitetaan 1. lk:n kirjeen&auml;. Lunastus j&auml;lkivaatimuksella.</p>\r\n<p>Tilaukset ja tiedustelut: Sirkka Sammas puh. 040 5024541</p>',1,'','',''),(48,'','',6,'kortti_5.jpg','',''),(49,'','',6,'kortti_6.jpg','',''),(50,'','',6,'kortti_7.jpg','',''),(53,NULL,NULL,6,'kortti_8.jpg','',''),(54,NULL,NULL,6,'kortti_9.jpg','',''),(55,'Aurinkopeura nro 4','<p>Juhlavuoden kunniaksi julkaisuun on koottu seuran 10-vuotisen taipaleen  historiikki.<br /> Tieteelliset artikkelit k&auml;sittelev&auml;t musiikin ja rytmin alkuper&auml;&auml;,  musiikkiarkeologian alaan kuuluvaan v&auml;it&ouml;skirjaty&ouml;h&ouml;n perustuvan  artikkelin soivista metalliesineist&auml;, kuvaus lappalaisten pyhist&auml;  menoista ja uskomuksista, artikkeli ei-visuaalisista kokemuksista osana  kalliomaalausten tulkintaa sek&auml; tapaustutkimus kalliomaalausten  kuva-aiheiden rannansiirtymisajoituksesta. Mukaan on liitetty my&ouml;s  artikkeli muinaistaiteen opetuksesta lapsille ja nuorille.<br /> ISBN 978-951-95415-3-2<br /> Hinta 13&euro;</p>',2,'aurinkopeura4.jpg','',''),(56,'Aurinkopeura nro 3','<p><strong></strong>Suomesta tunnetaan yli 120 kalliomaalausta ja punav&auml;ril&auml;ikk&auml;&auml;.  Ovatko kaikki olemassa olevat jo inventoitu vai onko mahdollista l&ouml;yt&auml;&auml;  viel&auml; lis&auml;&auml; muinaisten esi-isiemme tekemi&auml; kuvia? Aurinkopeura III  sis&auml;lt&auml;&auml; artikkeleita uusimmista muinaistaidel&ouml;yd&ouml;ist&auml; Suomessa,  Ven&auml;j&auml;ll&auml; ja Virossa, niiden tutkimisesta, levinneisyydest&auml; sek&auml;  l&ouml;yt&ouml;paikkojen topografisista piirteist&auml;.<br /> ISBN 951-95415-2-7<br /> Hinta 13&euro;</p>',3,'aurinkopeura3.jpg','',''),(57,'Aurinkopeura nro 2','<p>Julkaisu on tehty yhteisty&ouml;ss&auml; Viron muinaistaideseuran kanssa sis&auml;lt&auml;en  Kabli III konferenssin esitelmi&auml; 2003. Seminaarin aiheena oli  Kaksikymment&auml; vuotta<br /> muinaistaiteen parissa. Julkaisu on saanut rahoitusta  Euroopan aluekehitysrahastosta H&auml;meenlinnan Lasten- ja Nuorten  kuvataide- ja k&auml;sity&ouml;koulu Aimokoulun koordinoiman SuVi-hankeen kautta.<br /> ISBN 9949-10-460-2<br /> Hinta 13&euro;</p>',4,'aurinkopeura2.jpg','',''),(58,'Aurinkopeura nro 1','<p>Julkaisu on kunnianosoitus edesmenneelle Eero Autiolle, joka on kaksi  vuosikymment&auml; kest&auml;neen tutkijanuransa aikana tekem&auml;ll&auml;&auml;n ty&ouml;ll&auml;  suuresti vaikuttanut kalliotaiteemme tutkimukseen. Aution my&ouml;t&auml; meille  on avautunut kiehtova kuvamaailma, jossa on yhtym&auml;kohtia kalliotaiteen  ugrilaisiin juuriin.<br /> ISBN 951-95415-1-9<br /> Loppuunmyyty</p>',5,'peura.jpg','','');
/*!40000 ALTER TABLE `myyntipiste` ENABLE KEYS */;
UNLOCK TABLES;

--
-- Table structure for table `paakayttaja`
--

DROP TABLE IF EXISTS `paakayttaja`;
/*!40101 SET @saved_cs_client     = @@character_set_client */;
/*!40101 SET character_set_client = utf8 */;
CREATE TABLE `paakayttaja` (
  `id` int(10) unsigned NOT NULL AUTO_INCREMENT,
  `kayttajanimi` text NOT NULL,
  `salasana` text,
  PRIMARY KEY (`id`)
) ENGINE=MyISAM AUTO_INCREMENT=2 DEFAULT CHARSET=latin1;
/*!40101 SET character_set_client = @saved_cs_client */;

--
-- Dumping data for table `paakayttaja`
--

LOCK TABLES `paakayttaja` WRITE;
/*!40000 ALTER TABLE `paakayttaja` DISABLE KEYS */;
INSERT INTO `paakayttaja` VALUES (1,'admin','20rockart10');
/*!40000 ALTER TABLE `paakayttaja` ENABLE KEYS */;
UNLOCK TABLES;

--
-- Table structure for table `pdf`
--

DROP TABLE IF EXISTS `pdf`;
/*!40101 SET @saved_cs_client     = @@character_set_client */;
/*!40101 SET character_set_client = utf8 */;
CREATE TABLE `pdf` (
  `pdf_id` int(11) NOT NULL,
  `nimi` varchar(45) DEFAULT NULL,
  `kirjoittaja` varchar(45) DEFAULT NULL,
  `maalaus_id` int(10) DEFAULT NULL,
  PRIMARY KEY (`pdf_id`)
) ENGINE=InnoDB DEFAULT CHARSET=utf8;
/*!40101 SET character_set_client = @saved_cs_client */;

--
-- Dumping data for table `pdf`
--

LOCK TABLES `pdf` WRITE;
/*!40000 ALTER TABLE `pdf` DISABLE KEYS */;
/*!40000 ALTER TABLE `pdf` ENABLE KEYS */;
UNLOCK TABLES;

--
-- Table structure for table `sivut`
--

DROP TABLE IF EXISTS `sivut`;
/*!40101 SET @saved_cs_client     = @@character_set_client */;
/*!40101 SET character_set_client = utf8 */;
CREATE TABLE `sivut` (
  `id` int(10) unsigned NOT NULL AUTO_INCREMENT,
  `sivu_nimi` text NOT NULL,
  PRIMARY KEY (`id`)
) ENGINE=MyISAM AUTO_INCREMENT=24 DEFAULT CHARSET=latin1;
/*!40101 SET character_set_client = @saved_cs_client */;

--
-- Dumping data for table `sivut`
--

LOCK TABLES `sivut` WRITE;
/*!40000 ALTER TABLE `sivut` DISABLE KEYS */;
INSERT INTO `sivut` VALUES (1,'Etusivu'),(2,'Seura'),(3,'Ajankohtaista'),(4,'Kuvat'),(5,'Tutkimus'),(6,'Myyntipiste'),(7,'Linkit ja Julkaisut'),(8,'Kalliomaalaukset'),(9,'yhteystiedot'),(10,'in English'),(11,'Suomeksi'),(12,'Säännöt'),(13,'Toimintakertomukset'),(14,'Jäsenhakulomake'),(15,'Kuvat'),(16,'Seuran matkakertomukset'),(17,'Jäsenten matkakertomukset'),(18,'Tutkimusraportit'),(19,'Seminaariluennot'),(20,'Linkit'),(21,'Julkaisut'),(23,'Frontpage'),(22,'Historia');
/*!40000 ALTER TABLE `sivut` ENABLE KEYS */;
UNLOCK TABLES;

--
-- Table structure for table `toimintakertomukset`
--

DROP TABLE IF EXISTS `toimintakertomukset`;
/*!40101 SET @saved_cs_client     = @@character_set_client */;
/*!40101 SET character_set_client = utf8 */;
CREATE TABLE `toimintakertomukset` (
  `id` int(10) unsigned NOT NULL AUTO_INCREMENT,
  `otsikko` text NOT NULL,
  `sisalto` text NOT NULL,
  `vuosi` text NOT NULL,
  PRIMARY KEY (`id`)
) ENGINE=MyISAM AUTO_INCREMENT=13 DEFAULT CHARSET=latin1;
/*!40101 SET character_set_client = @saved_cs_client */;

--
-- Dumping data for table `toimintakertomukset`
--

LOCK TABLES `toimintakertomukset` WRITE;
/*!40000 ALTER TABLE `toimintakertomukset` DISABLE KEYS */;
INSERT INTO `toimintakertomukset` VALUES (5,'Toimintakertomus 1999','<p><strong>1.&nbsp;&nbsp;&nbsp;&nbsp; </strong><strong>Yleist&auml;</strong></p>\r\n<p>&nbsp;</p>\r\n<p>Vuosi 1999 oli seuran ensimm&auml;inen &nbsp;t&auml;ysi toimintavuosi.  Seura perustettiin 8.8.1998.&nbsp;</p>\r\n<p>&nbsp;</p>\r\n<p>Kuluneena toimintavuonna seura edisti suomensukuisten ja  muiden kansojen muinaisen taiteen, maailmankuvan, ymp&auml;rist&ouml;n, ja el&auml;m&auml;n  ymm&auml;rt&auml;mist&auml; sek&auml; toteutti k&auml;yt&auml;nn&ouml;ss&auml; muinaistaiteen tutkimusta ja  tunnetuksi tekemist&auml;.&nbsp;</p>\r\n<p>&nbsp;</p>\r\n<p>Seuran toimintaa tukivat Tiedekeskus Heureka,  Hiidenkivi-lehti, Suomen Kalevalaisten Naisten liitto, Interspecies  Communication, Inc., H&auml;meenlinnan kuvataidekoulu ja Suomen Canon Oy.</p>\r\n<p>&nbsp;</p>\r\n<p><strong>2.&nbsp;&nbsp;&nbsp;&nbsp; </strong><strong>J&auml;senist&ouml;</strong><strong>&nbsp;</strong></p>\r\n<p><strong><br /></strong></p>\r\n<p>Seuran henkil&ouml;j&auml;senm&auml;&auml;r&auml; oli vuoden 1999 lopussa 89, vuoden  aikana uusia henkil&ouml;j&auml;seni&auml; liittyi 34.</p>\r\n<p>Yhteis&ouml;j&auml;senin&auml; olivat Lasten ja nuorten kuvataidekoulujen  liitto ja Kuvataideopettajien liitto.</p>\r\n<p>Henkil&ouml;j&auml;senten j&auml;senmaksu oli 100 mk ja liittymismaksu 100  mk.</p>\r\n<p>Yhteis&ouml;j&auml;senmaksu oli 300 mk.&nbsp;</p>\r\n<p>&nbsp;</p>\r\n<p><strong>3.&nbsp;&nbsp;&nbsp;&nbsp; </strong><strong>Hallitus ja toimihenkil&ouml;t</strong><strong>&nbsp;</strong></p>\r\n<p><strong><br /></strong></p>\r\n<p>Hallituksen puheenjohtajana toimi Rauno Lauhakangas,  varapuheenjohtajana Juhani Gr&ouml;nhagen ja j&auml;senin&auml; Eero Autio, V&auml;ino  Poikalainen, Pekka Kivik&auml;s, Pekka Lehtim&auml;ki, Liisa Vartiainen, P&auml;ivi  M&auml;h&ouml;nen, Anu Torikka, Pirkko Holm, Eero Siljander sek&auml; varaj&auml;senin&auml;  Harri Halonen ja Ismo Luukkonen</p>\r\n<p>&nbsp;</p>\r\n<p>Sihteerin&auml; toimi Helena Karjalainen ja rahastonhoitajana  Jouko Ahtola.</p>\r\n<p>&nbsp;</p>\r\n<p>Tilintarkastajina toimivat Erkki Luoma-aho, Pekka Tolvanen  varalla Erkki Laita, Riitta Virtanen.&nbsp;</p>\r\n<p>&nbsp;</p>\r\n<p>Hallitus kokoontui yhteens&auml; 5 kertaa (31.1.,11.4., 22.5,  18.9., 2.12.)</p>\r\n<p>&nbsp;</p>\r\n<p><strong>4.&nbsp;&nbsp;&nbsp;&nbsp; </strong><strong>Talous</strong><strong>&nbsp;</strong></p>\r\n<p><strong><br /></strong></p>\r\n<p>Tilikausi oli yhdistyksen toinen, ja ensimm&auml;inen t&auml;ysi  tilivuosi. Toimintavuoden ylij&auml;&auml;m&auml; oli tuloslaskelmassa 7 531,57 mk.  Taseen oma p&auml;&auml;oma oli 8 465,57 mk.&nbsp;</p>\r\n<p>&nbsp;</p>\r\n<p>Kalliopiirrosten etsint&auml;projektin esitutkimukseen  Iijokilaaksossa k&auml;ytettiin n. 2400 mk.</p>\r\n<p>&nbsp;</p>\r\n<p>Jenny ja Antti Wihurin s&auml;&auml;ti&ouml; my&ouml;nsi seuralle 35 000 mk&nbsp;  kalliopiirrosten ja -maalausten dokumentointimenetelmien kehitt&auml;miseen.</p>\r\n<p>&nbsp;</p>\r\n<p><strong>5.&nbsp;&nbsp;&nbsp;&nbsp; </strong><strong>Seuran toiminta</strong>&nbsp;</p>\r\n<p>&nbsp;</p>\r\n<p>Harri Halosen kalliopiirroksiin keskittynyt  valokuvan&auml;yttely oli esill&auml; Viron Sagadin mets&auml;museossa  tammi-helmikuussa 1999.&nbsp;</p>\r\n<p>&nbsp;</p>\r\n<p>Seuran vuosikokous pidettiin 21.3. H&auml;meenlinnassa lasten ja  nuorten kuvataidekoululla. Hallitukselle my&ouml;nnettiin tili- ja  vastuuvapaus.&nbsp;</p>\r\n<p>&nbsp;</p>\r\n<p>Syyskokous pidettiin 30.10. H&auml;meenlinnassa, H&auml;meen linnan  tiloissa. Kokouksen j&auml;lkeen tutustuttiin Eero Siljanderin johdolla Terra  Tavestorum &ndash;n&auml;yttelyyn.</p>\r\n<p>&nbsp;</p>\r\n<p>Syyskokouksessa valittiin uusi hallitus, jonka  puheenjohtajaksi tuli Rauno Lauhakangas sek&auml; varsinaisiksi j&auml;seniksi  Helena Karjalainen (sihteeri), Pekka Tolvanen (rahastonhoitaja), P&auml;ivi  M&auml;h&ouml;nen, Pekka Lehtim&auml;ki, Harri Halonen, Juhani Gr&ouml;nhagen (varapj.),  Pekka Kivik&auml;s, Eero Autio, Liisa Vartiainen, V&auml;ino Poikalainen ja  varaj&auml;seniksi Matti Reinikainen ja Eero Siljander.&nbsp;</p>\r\n<p>&nbsp;</p>\r\n<p>Tilintarkastajiksi valittiin Guje Katajam&auml;ki ja Erkki  luoma-aho, varatilintarkastijiksi Erkki Laita ja Riitta Virtanen.</p>\r\n<p>Kuu, t&auml;hdet ja myytit &ndash;seminaari pidettiin 20.-21.3.  H&auml;meenlinnassa, H&auml;meenlinnan kulttuurikeskuksessa yhteisty&ouml;ss&auml; Vega ry:n  ja H&auml;meenlinnan kuvataidekoulun kanssa.&nbsp;</p>\r\n<p>&nbsp;</p>\r\n<p>Seura j&auml;rjesti 22.5. ensimm&auml;isen kalliotaideretkens&auml;  M&auml;ntyharjun Pakanavuorelle ja Verlaan Eero Siljanderin johdolla.  Matkalle osallistui suomalaisten lis&auml;ksi&nbsp; virolaisia, ven&auml;l&auml;isi&auml; ja  hollantilaisia asianharrastajia.&nbsp;</p>\r\n<p>&nbsp;</p>\r\n<p>Seura aloitti j&auml;rjestelm&auml;llisen kalliopiirrosten etsinn&auml;n  Ii-, Oulu-, Pyh&auml;-, Siika- ja Kalajokilaaksoissa 17.-21.5. Retkikuntaan  osallistuivat Juhani Gr&ouml;nhagen ja Matti Reinikainen.&nbsp;</p>\r\n<p>&nbsp;</p>\r\n<p>Kalliopiirrosdokumentointimatka Kuolan Umbajoelle 6.-16.9.  Seura osallistui dokumentoinnin suunnitteluun ja toteuttamiseen.&nbsp;</p>\r\n<p>&nbsp;</p>\r\n<p>Useita seuran j&auml;seni&auml; osallistui hein&auml;kuussa Baskirian  tasavaltaan suuntautuneeseen matkaan. Matkalla tutustuttiin Etel&auml;-Uralin  paleoliittiseen luolataiteeseen.</p>\r\n<p>&nbsp;</p>\r\n<p>Seura toimi kiinteiss&auml; suhteissa Viron muinaistaideseuran  kanssa. Mieliin painuva Vormsin-retki tehtiin 8.-11.7. Suuri joukko  seuran j&auml;seni&auml; osallistui Viron muinaistaideseuran syyskokoukseen  Lahemaalla 12.-15.11. Tapaamisissa suunniteltiin veljesseurojen yhteisi&auml;  koulutusprojekteja, matkoja ja n&auml;yttelyhankkeita.</p>\r\n<p>&nbsp;</p>\r\n<p>Kansainv&auml;lisi&auml; yhteyksi&auml; muinaistaiteen alalla pidettiin  mm. Ruotsiin, Norjaan, Saksaan ja Ven&auml;j&auml;lle.</p>\r\n<p>&nbsp;</p>\r\n<p>Logokilpailun tuloksena seuran tunnukseksi valittiin 12  kilpailuehdokkaasta Pirkko Holmin ehdotus Punainen piste.</p>\r\n<p>&nbsp;</p>\r\n<p>Puheenjohtaja osallistui Puutoisissa pidettyyn  kalliotaideseminaariin 7.-8.12, jonka tavoitteena oli &Auml;&auml;nisen  kalliotaiteen suojelu.</p>','1999'),(6,'Toimintakertomus 2000','<p><strong>1.&nbsp;&nbsp;&nbsp;&nbsp; </strong><strong>Yleist&auml;</strong></p>\r\n<p>&nbsp;</p>\r\n<p>Vuosi 2000 oli seuran toinen t&auml;ysi &nbsp;toimintavuosi. Seura  perustettiin 8.8.1998.</p>\r\n<p>&nbsp;</p>\r\n<p>Kuluneena toimintavuonna seura edisti suomensukuisten ja  muiden kansojen muinaisen taiteen, maailmankuvan, ymp&auml;rist&ouml;n, ja el&auml;m&auml;n  ymm&auml;rt&auml;mist&auml; sek&auml; toteutti k&auml;yt&auml;nn&ouml;ss&auml; muinaistaiteen tutkimusta ja  tunnetuksi tekemist&auml;.</p>\r\n<p>&nbsp;</p>\r\n<p>Seuran toimintaa tukivat H&auml;meenlinnan kuvataidekoulu ja  Suomen Canon Oy.</p>\r\n<p>&nbsp;</p>\r\n<p><strong>2.&nbsp;&nbsp;&nbsp;&nbsp; </strong><strong>J&auml;senist&ouml;</strong></p>\r\n<p><strong><br /></strong></p>\r\n<p>Seuran henkil&ouml;j&auml;senm&auml;&auml;r&auml; oli vuoden 2000 lopussa &nbsp;121,  vuoden aikana uusia henkil&ouml;j&auml;seni&auml; liittyi 36.</p>\r\n<p>Yhteis&ouml;j&auml;senen&auml; oli Kuvataideopettajien liitto.</p>\r\n<p>Henkil&ouml;j&auml;senten j&auml;senmaksu oli 100 mk ja liittymismaksu 100  mk.</p>\r\n<p>Yhteis&ouml;j&auml;senmaksu oli 300 mk.</p>\r\n<p>&nbsp;</p>\r\n<p><strong>3.&nbsp;&nbsp;&nbsp;&nbsp; </strong><strong>Hallitus ja toimihenkil&ouml;t</strong></p>\r\n<p>&nbsp;</p>\r\n<p>Hallituksen puheenjohtajana toimi Rauno Lauhakangas ja  j&auml;senin&auml; Juhani Gr&ouml;nhagen (varapj.), Helena Karjalainen (sihteeri),  Pekka Tolvanen (rahastonhoitaja), Eero Autio, Harri Halonen, Pekka  Kivik&auml;s, Pekka Lehtim&auml;ki, P&auml;ivi M&auml;h&ouml;nen, V&auml;ino Poikalainen ja Liisa  Vartiainen sek&auml; varaj&auml;senin&auml; Matti Reinikainen ja Eero Siljander.<strong> </strong>Tilintarkastajina  toimivat Erkki Luoma-aho ja Guje Katajam&auml;ki, &nbsp;varalla Erkki Laita ja  Riitta Virtanen.</p>\r\n<p>&nbsp;</p>\r\n<p>Hallitus kokoontui yhteens&auml; 7 kertaa (16.1.; 20.2.; 13.6.;  10.9.; 4.10; 16.11.).</p>\r\n<p><strong>&nbsp;</strong></p>\r\n<p><strong>4.&nbsp;&nbsp;&nbsp;&nbsp; </strong><strong>Talous</strong></p>\r\n<p>&nbsp;</p>\r\n<p>Tilikausi oli yhdistyksen kolmas, ja toinen t&auml;ysi  tilivuosi. Toimintavuoden ylij&auml;&auml;m&auml; oli tuloslaskelmassa&nbsp; 11&nbsp;869,60 mk.  Taseen loppusumma oli 20&nbsp;335,17 mk ja oma p&auml;&auml;oma 20&nbsp;335,17 mk.</p>\r\n<p>&nbsp;</p>\r\n<p>Varainhankinnan edist&auml;miseksi painettiin postikortteja 5059  mk:lla. Astuvan Akka &ndash;pienoispatsaan valmistukseen k&auml;ytettiin 12&nbsp;708,60  mk.</p>\r\n<p>&nbsp;</p>\r\n<p>Jenny ja Antti Wihurin s&auml;&auml;ti&ouml;n seuralle my&ouml;nt&auml;m&auml;&auml; 35&nbsp;000 mk  apurahaa kalliotaiteen dokumentointimentelmien kehitt&auml;miseen ei viel&auml;  nostettu.</p>\r\n<p>&nbsp;</p>\r\n<p>Opetusministeri&ouml;lt&auml; saatu apuraha 3&nbsp;500 mk k&auml;ytettiin v  1999 Puutoisissa j&auml;rjestetyn kalliotaiteen suojelukonferenssin  esitelm&auml;julkaisuun.</p>\r\n<p>&nbsp;</p>\r\n<p><strong>5.&nbsp;&nbsp;&nbsp;&nbsp; </strong><strong>Seuran toiminta</strong>&nbsp;</p>\r\n<p>&nbsp;</p>\r\n<p>-18.-20.2. j&auml;rjestettiin muinaistaideseminaari Pietarissa  Pietarin yliopiston tiloissa. Lis&auml;ksi tutustuttiin mm. Kunstkameran  muinaistaidekokoelmaan.</p>\r\n<p>&nbsp;</p>\r\n<p>-8.-9.4 j&auml;rjestettiin Kalliotaiteen dokumentointi  &ndash;seminaari Jyv&auml;skyl&auml;ss&auml; Keski-Suomen museossa ja Kivik&auml;s-keskuksessa.  Yhteisty&ouml;kumppanenina olivat Keski-Suomen museo, Muinaistaidekeskus  Kivik&auml;s, Jyv&auml;skyl&auml;n maalaiskunnan kuvataidekoulu ja  kulttuuri-nuorisotoimi.</p>\r\n<p>&nbsp;</p>\r\n<p>-Seuran&nbsp; vuosikokous pidettiin&nbsp; 8.4. Jyv&auml;skyl&auml;ss&auml;  Keski-Suomen museon auditoriossa. Hallitukselle my&ouml;nnettiin tili- ja  vastuuvapaus.</p>\r\n<p>&nbsp;</p>\r\n<p>-Hein&auml;kuun alussa monet seuran j&auml;senet osallistuivat  virolaisen veljes/sisarseuramme j&auml;rjest&auml;m&auml;lle Hiidenmaan retkelle.</p>\r\n<p>&nbsp;</p>\r\n<p>-15.-16.7 seura osallistui Bomban &rdquo;Musta Joutsen&rdquo;  &ndash;muinaistaideseminaariin..</p>\r\n<p>&nbsp;</p>\r\n<p>-17.7.-20.7 er&auml;&auml;t seuran j&auml;senet osallistuivat &Auml;&auml;nisen  kalliopiirroskentille suuntautuneelle matkalle.</p>\r\n<p>&nbsp;</p>\r\n<p>-28.10 oli seuran syyskokous Helsingiss&auml;  Luonnontiteellisess&auml; museossa. Vuoden 2001 hallituksen j&auml;seniksi  valittiin seuraavat henkil&ouml;t: &nbsp;puheenjohtajaksi Juhani Gr&ouml;nhagen,  varapuheenjohtajaksi Pekka Lehtim&auml;ki, sihteeriksi Helna Karjalainen,  rahastonhoitajaksi Pekka Tolvanen ja muiksi varsinaisiksi j&auml;seniksi  Pekka Kivik&auml;s, Rauno Lauhakangas , P&auml;ivi M&auml;h&ouml;nen, V&auml;ino Poikalainen ja  varaj&auml;seniksi &nbsp;Matti Reinikainen ja Eero Siljander.</p>\r\n<p>&nbsp;</p>\r\n<p>Tilintarkastajiksi valittiin Erkki Luoma-aho ja Guje  Katajam&auml;ki sek&auml; varalle Erkki Laita ja Riitta Virtanen. Ennen kokousta  oli valokuvaaja Ismo Luukkosen esitelm&auml; kalliomaalausten digitaalisesta  kuvank&auml;sittelyst&auml;.</p>\r\n<p>&nbsp;</p>\r\n<p>Seura toimi kiinteiss&auml; suhteissa Viron muinaistaideseuran  kanssa. 10.-12.11. 2000 monet seuran j&auml;senet osallistuivat Viron  muinaistaideseuran vuosikokoukseen Virossa&nbsp; Lahemaalla. Tapaamisissa  suunniteltiin veljesseurojen yhteisi&auml; koulutusprojekteja, matkoja ja  n&auml;yttelyhankkeita.</p>\r\n<p>&nbsp;</p>\r\n<p>Seuran hallitus perusti j&auml;senist&ouml;ns&auml; aktivoimiseksi ja  toimintansa koordinoimiseksi 16.11 seuraavat viisi toimikuntaa: 1.  Kalliotaidetutkimus, 2. Koulutus ja opintomatkat, 3. Kansainv&auml;liset  suhteet, 4. Tiedotustoimikunta, 5. Varainhankinta.</p>\r\n<p>&nbsp;</p>\r\n<p>Kansainv&auml;lisi&auml; yhteyksi&auml; muinaistaiteen alalla pidettiin  mm. Ruotsiin, Norjaan, Saksaan, Ranskaan, Ven&auml;j&auml;lle ja Etel&auml;-Afrikkaan.</p>','2000'),(7,'Toimintakertomus 2001','<p><strong>1. Yleist&auml; </strong></p>\r\n<p><strong><br /></strong></p>\r\n<p>Vuosi 2001 oli seuran kolmas t&auml;ysi toimintavuosi. Seura  perustettiin 8.8.1998.</p>\r\n<p>&nbsp;</p>\r\n<p>Kuluneena toimintavuonna seura edisti suomensukuisten ja  muiden kansojen muinaisen taiteen, maailmankuvan, ymp&auml;rist&ouml;n, ja el&auml;m&auml;n  ymm&auml;rt&auml;mist&auml; sek&auml; toteutti k&auml;yt&auml;nn&ouml;ss&auml; muinaistaiteen tutkimusta ja  tunnetuksi tekemist&auml;.</p>\r\n<p>&nbsp;</p>\r\n<p>Seuran toimintaa tuki H&auml;meenlinnan kuvataidekoulu ja  H&auml;meenlinnan kaupunki.</p>\r\n<p>&nbsp;</p>\r\n<p><strong>2.&nbsp;&nbsp;&nbsp;&nbsp;&nbsp; J&auml;senist&ouml;</strong></p>\r\n<p>&nbsp;</p>\r\n<p>Seuran henkil&ouml;j&auml;senm&auml;&auml;r&auml; oli vuoden 2001 lopussa 157,  vuoden aikana uusia henkil&ouml;j&auml;seni&auml; liittyi 38.</p>\r\n<p>Yhteis&ouml;j&auml;senen&auml; oli Kuvataideopettajien liitto.</p>\r\n<p>Henkil&ouml;j&auml;senten j&auml;senmaksu oli 100 mk ja liittymismaksu 100  mk.</p>\r\n<p>Yhteis&ouml;j&auml;senmaksu oli 300 mk.</p>\r\n<p>&nbsp;</p>\r\n<p><strong>3.&nbsp;&nbsp;&nbsp;&nbsp;&nbsp; Hallitus ja toimihenkil&ouml;t</strong></p>\r\n<p>&nbsp;</p>\r\n<p>Hallituksen puheenjohtajana toimi Juhani Gr&ouml;nhagen ja  j&auml;senin&auml; Pekka Lehtim&auml;ki (varapj.), Helena Karjalainen (sihteeri), Pekka  Tolvanen (rahastonhoitaja), Eero Autio, Harri Halonen, Pekka Kivik&auml;s,  Rauno Lauhakangas, P&auml;ivi M&auml;h&ouml;nen, V&auml;ino Poikalainen , Liisa Vartiainen  ja varaj&auml;senin&auml; Matti Reinikainen ja Eero Siljander.<strong> </strong>Tilintarkastajina  toimivat Erkki Luoma-aho ja Guje Katajam&auml;ki sek&auml;&nbsp; varalla Erkki Laita  ja Riitta Virtanen.</p>\r\n<p>&nbsp;</p>\r\n<p>Hallitus kokoontui yhteens&auml; 6 kertaa (20.1; 17.3; 12.5;  2.8; 15.9; 25.11).<strong>&nbsp;</strong></p>\r\n<p>&nbsp;</p>\r\n<p><strong>4.&nbsp;&nbsp;&nbsp;&nbsp;&nbsp; Talous</strong></p>\r\n<p>&nbsp;</p>\r\n<p>Tilikausi oli yhdistyksen kolmas t&auml;ysi tilivuosi.  Toimintavuoden ylij&auml;&auml;m&auml; oli tuloslaskelmassa 39 487 mk. Taseen oma  p&auml;&auml;oma oli 59 822 mk.</p>\r\n<p>&nbsp;</p>\r\n<p>Jenny ja Antti Wihurin s&auml;&auml;ti&ouml; my&ouml;nsi seuralle 35 000 mk&nbsp;  kalliopiirrosten ja -maalausten dokumentointimenetelmien kehitt&auml;miseen.  Summasta on nostettu 20 000 mk.</p>\r\n<p>&nbsp;</p>\r\n<p>Toimintansa tukemiseksi seura jatkoi kalliotaidetta  k&auml;sittelev&auml;n korttisarjan sek&auml; ns. Astuvansalmen Akan myynti&auml;.&nbsp;</p>\r\n<p>&nbsp;</p>\r\n<p><strong>5.&nbsp;&nbsp;&nbsp;&nbsp;&nbsp; Seuran toiminta</strong></p>\r\n<p>&nbsp;</p>\r\n<p>Toimintansa<strong>&nbsp; </strong>koordinoimiseksi ja j&auml;senist&ouml;n&auml;s&auml;  aktivoimiseksi seuran hallitus perusti&nbsp; seuraavia kaikille halukkaille&nbsp; j&auml;senille avoimia toimikuntia:  kalliotaidetutkimus, koulutus- ja opintomatkat, kansainv&auml;liset suhteet,  tiedotustoiminta ja varainhankinta.<strong>&nbsp;</strong></p>\r\n<p><strong><br /></strong></p>\r\n<p>J&auml;senist&ouml;lle tiedotettiin seuran toiminnasta nelj&auml;ll&auml;  j&auml;senkirjeell&auml;. Monet seuran j&auml;senet osallistuivat aktiivisesti  julkaisu- ja n&auml;yttelytoimintaan, erityisesti mainittakoon Eero  Siljanderin&nbsp; ja Seppo Kinoksen kirja &rdquo;Uralilta Jeniseille-Etel&auml;-Uralin  kalliokuvia&rdquo;. Seuran vuosikirjan kokoaminen aloitettiin.&nbsp;</p>\r\n<p>&nbsp;</p>\r\n<p>22.-25.2. j&auml;rjestettiin opintomatka Pietariin. Seminaarissa  esitelmi&auml; pitiv&auml;t mm akateemikko Abram Stolyar,&nbsp; professori Enn Ernits,  tri&nbsp; Antonina Nikonova, arkeologit AndreiMazurkevich ja Vladimir  Shumkin. Lis&auml;ksi tutustuttiin Eremitaasihin ja Pietarin yliopiston  kokoelmien&nbsp; suomensukuisten kansojen mesoliittiseen ja neoliittiseen  l&ouml;yt&ouml;aineistoon.&nbsp; Matkalle osallistui 44 henke&auml;.&nbsp;</p>\r\n<p>&nbsp;</p>\r\n<p>28.-29.4. j&auml;rjestettiin H&auml;meelinnassa Tila-Mielen tila  -muinaistaideseminaari. P&auml;&auml;luennoitsijoina olivat&nbsp; prof Unto Salo, prof&nbsp;  Juhani Pallasmaa, kirjailija Olli Jalonen. Seuran vuosikokous pidettiin  28.4. seminaarin yhteydess&auml; H&auml;meenlinnan raatihuoneella. Hallitukselle  my&ouml;nnettiin tili- ja vastuuvapaus.&nbsp;</p>\r\n<p>&nbsp;</p>\r\n<p>26.5. j&auml;rjestettiin kev&auml;tretki H&auml;meeseen.Tutustumiskohteina  olivat mm Hakoisten linnavuori, Hauhon Perki&ouml;n nuorakeraaminen  asuinpaikka, Lammin Vanhankartanon miekanhiontakivi, Luopioisten  Salminkallion kalliomaalaus ja Hattulan Pyh&auml;n Ristin kirkko. Oppaana  toimi Eero Siljander.</p>\r\n<p>&nbsp;</p>\r\n<p>Monet seuran j&auml;senist&auml; osallistuivat hein&auml;kuussa Viron  muinaistaideseuran j&auml;rjest&auml;m&auml;lle Tarton alueelle kohdistuneeseen  kes&auml;retkeen ja olivat mukana &Auml;&auml;nisen kalliopiirroskentill&auml;.&nbsp;&nbsp;</p>\r\n<p>&nbsp;</p>\r\n<p>27.-30.9. j&auml;rjestettiin Viroon , Latviaan ja Liettuaan  ulottunut&nbsp; Baltian kiertomatka, jonka aikana tutustuttiin mm  meripihkarannikkoon, hiekkadyyneihin, liivil&auml;isalueisiin jne. Oppaina  toimivat V&auml;ino Poikalainen ja Juhani Gr&ouml;nhagen.&nbsp; Matkalle osallistui 48  henke&auml;.&nbsp;</p>\r\n<p>&nbsp;</p>\r\n<p>Syyskokous pidettiin 27.10. Porvoossa Linnakosken lukion  tiloissa. Kokouksen yhteydess&auml; Timo Miettinen piti esitelm&auml;n Euroopan  paleoliittisesta muinaistaiteesta. Kokouksen j&auml;lkeen tutustuttiin Eero  Siljanderin johdolla Porvoon jokilaakson esihistoriallisiin kohteisiin  ja Askolan hiidenkirnuihin.</p>\r\n<p>&nbsp;</p>\r\n<p>Syyskokouksessa valittiin uusi hallitus, jonka  puheenjohtajaksi tuli Juhani Gr&ouml;nhagen sek&auml; varsinaisiksi j&auml;seniksi  Helena Karjalainen, Rauno Lauhakangas, Pekka Lehtim&auml;ki, V&auml;ino  Poikalainen, Matti Reinikainen, Pekka Tolvanen, Helena Saarikoski, Eero  Siljander, Kaarina Sulam&auml;ki, Liisa Vartiainen sek&auml; varaj&auml;seniksi Harri  Halonen &nbsp;ja Timo Miettinen. Seuran kunniaj&auml;senin&auml; olivat Abram Stolyar,  Eero Autio ja Pekka Kivik&auml;s.</p>\r\n<p>&nbsp;</p>\r\n<p>Tilintarkastajiksi valittiin Erkki Luoma-aho ja Guje  Katajam&auml;ki <strong>&nbsp;</strong>sek&auml; varalle Erkki Laita ja Riitta Virtanen.</p>\r\n<p>&nbsp;</p>\r\n<p>Seura toimi kiinteiss&auml; suhteissa Viron muinaistaideseuran  kanssa.&nbsp; Suuri joukko seuran j&auml;seni&auml; osallistui marraskuussa Viron  muinaistaideseuran syyskokoukseen Lahemaalla. Tapaamisissa suunniteltiin  veljesseurojen yhteisi&auml; koulutusprojekteja, matkoja ja  n&auml;yttelyhankkeita.</p>\r\n<p>&nbsp;</p>\r\n<p>Kansainv&auml;lisi&auml; yhteyksi&auml; muinaistaiteen alalla pidettiin  mm. Ruotsiin, Tanskaan, Baltian maihin, Englantiin, Ranskaan, Ven&auml;j&auml;lle,  USA:han ja Etel&auml;-Afrikkaan.</p>','2001'),(8,'Toimintakertomus 2002 ','<p><strong>1. Yleist&auml; </strong></p>\r\n<p><strong><br /></strong></p>\r\n<p>Vuosi 2002 oli seuran nelj&auml;s t&auml;ysi toimintavuosi. Seura  perustettiin 8.8.1998.&nbsp;</p>\r\n<p>&nbsp;</p>\r\n<p>Kuluneena toimintavuonna seura edisti suomensukuisten ja  muiden kansojen muinaisen taiteen, maailmankuvan, ymp&auml;rist&ouml;n, ja el&auml;m&auml;n  ymm&auml;rt&auml;mist&auml; sek&auml; toteutti k&auml;yt&auml;nn&ouml;ss&auml; muinaistaiteen tutkimusta ja  tunnetuksi tekemist&auml;.&nbsp;</p>\r\n<p>&nbsp;</p>\r\n<p>Seuran toimintaa tuki H&auml;meenlinnan kuvataidekoulu ja  H&auml;meenlinnan kaupunki.</p>\r\n<p>&nbsp;</p>\r\n<p><strong>2.&nbsp;&nbsp;&nbsp;&nbsp;&nbsp; J&auml;senist&ouml;</strong></p>\r\n<p>&nbsp;</p>\r\n<p>Seuran henkil&ouml;j&auml;senm&auml;&auml;r&auml; oli vuoden 2002 lopussa 180,  vuoden aikana uusia henkil&ouml;j&auml;seni&auml; liittyi 37 ja erosi 7. Eroaminen  syyn&auml; oli yleens&auml; ajanpuute osallistumiseen.</p>\r\n<p>Seuran kunniaj&auml;senin&auml; olivat&nbsp; Abram Stolyar ja Pekka  Kivik&auml;s. Yhteis&ouml;j&auml;senen&auml; oli Kuvataideopettajaliitto ry.</p>\r\n<p>Henkil&ouml;j&auml;senten j&auml;senmaksu oli&nbsp; 20 euroa, yhteis&ouml;j&auml;senmaksu  60 euroa.</p>\r\n<p>&nbsp;</p>\r\n<p><strong>3.&nbsp;&nbsp;&nbsp;&nbsp;&nbsp; Hallitus ja toimihenkil&ouml;t</strong><strong>&nbsp;</strong></p>\r\n<p><strong><br /></strong></p>\r\n<p>Hallituksen puheenjohtajana toimi Juhani Gr&ouml;nhagen ja  j&auml;senin&auml; Pekka Lehtim&auml;ki (varapj.), Helena Karjalainen (sihteeri), Pekka  Tolvanen (rahastonhoitaja), Rauno Lauhakangas, V&auml;ino Poikalainen ,  Matti Reinikainen, Helena Saarikoski, Eero Siljander, Kaarina Sulam&auml;ki,  Liisa Vartiainen , varaj&auml;senin&auml; Harri Halonen ja Timo Miettinen.<strong> </strong>Tilintarkastajina  toimivat Erkki Luoma-aho ja Guje Katajam&auml;ki sek&auml;&nbsp; varalla Erkki Laita  ja Riitta Virtanen.</p>\r\n<p>&nbsp;</p>\r\n<p>Hallitus kokoontui yhteens&auml; 6 kertaa ( 27.2., 9.3., 4.5.,  24.6., 14.9., 9.11.).</p>\r\n<p>&nbsp;</p>\r\n<p><strong>4. Talous</strong></p>\r\n<p>&nbsp;</p>\r\n<p>Tilikausi oli yhdistyksen nelj&auml;s t&auml;ysi tilivuosi.  Toimintavuoden ylij&auml;&auml;m&auml; oli tuloslaskelmassa 1 587,86 &euro;. Taseen oma  p&auml;&auml;oma oli 11 649,34 &euro;.</p>\r\n<p>&nbsp;</p>\r\n<p>Jenny ja Antti Wihurin s&auml;&auml;ti&ouml;n my&ouml;nt&auml;m&auml;&auml; 35 000 markan  apurahaa ei k&auml;ytetty vuoden 2002 aikana.</p>\r\n<p>&nbsp;</p>\r\n<p>Toimintansa tukemiseksi seura on myynyt postikorttisarjaa  ja hopeisia ja pronssisia Astuvan akka -veistoksia.&nbsp;</p>\r\n<p>&nbsp;</p>\r\n<p><strong>5.&nbsp;&nbsp;&nbsp;&nbsp;&nbsp; Seuran toiminta</strong></p>\r\n<p>&nbsp;</p>\r\n<p>Kalliotaidetutkimusta, koulutus- ja opintomatkoja,  kansainv&auml;lisi&auml; suhteita, tiedotustoimintaa ja varainhankintaa varten  perustetut toimikunnat ovat toimineet aktiivisesti.</p>\r\n<p>&nbsp;</p>\r\n<p>J&auml;senist&ouml;lle tiedotettiin seuran toiminnasta nelj&auml;ll&auml;  j&auml;senkirjeell&auml;.</p>\r\n<p>&nbsp;</p>\r\n<p>21.-24.3. j&auml;rjestettiin opintomatka Pietariin. Seminaarissa  tutustuttiin Pietarin yliopiston paleoliittisen taiteen kokoelmiin  (Kunstkamera) sek&auml; Eremitaasin permil&auml;iseen muinaistaiteen kokoelmaan.  Lis&auml;ksi ohjelmassa oli aiheeseen liittyvi&auml; luentoja. Matkalle osallistui  42 henkil&ouml;&auml;.</p>\r\n<p>&nbsp;</p>\r\n<p>17.-19.5. kev&auml;tretki ja vuosikokous Kierikiss&auml;, Yli-Iiss&auml;.  Matkalle osallistui yli 60 muinaistaideseuran ja Ango ry:n j&auml;sent&auml;.&nbsp;  Matkan aikana k&auml;vimme Isonkyr&ouml;n Lev&auml;luhdan suohaudalla, Ohtakarin  jatulintarhassa ja Pattijoen kastellin j&auml;tinkirkossa.</p>\r\n<p>&nbsp;</p>\r\n<p>Perill&auml; meit&auml; odotti vieh&auml;tt&auml;v&auml; majapaikkamme Luonto-Kotala  kosken rannalla. Lauantai alkoi majapaikkamme kivikautisen asuinpaikan  kaivausten ja Pohjois-Suomen arkeologisen tutkimuksen esittelyll&auml;.  Tutustuimme Kierikki-keskukseen ja sinne rakennettuun kivikauden kyl&auml;&auml;n,  sek&auml; k&auml;vimme omalla bussillamme katsomassa useita l&auml;hiseudun  muinaiskohteita. Perill&auml; oppainamme ja luennoitsijoinamme toimivat Leena  Lehtinen, Patrik Franzen sek&auml; Jari Okkonen. Lauantain illanistujaiset  Luonto-Kotalassa Stone Age Brothers -yhtyeen s&auml;estyksell&auml; j&auml;i varmasti  monen mieleen hyvin hauskana kokemuksena.</p>\r\n<p>&nbsp;</p>\r\n<p>Meno- ja paluumatkan hienot muinaisrakennelmat, haudat,  pyyntikuopat ja kalliomaalaukset esitteli meille aina yht&auml; innostavasti&nbsp;  Eero Siljander.</p>\r\n<p>&nbsp;</p>\r\n<p>18.-21.4. seura k&auml;ytti opetusministeri&ouml;lt&auml; saamansa 3 364 &euro;  apurahan etel&auml;afrikkalaisen muinaistaideasiantuntijan tohtori Ben  Smithin Suomen-vierailuun. Is&auml;nt&auml;n&auml; toimi seuran puolesta Rauno  Lauhakangas. Smith luennoi Helsingiss&auml;, Savonlinnassa ja Jyv&auml;skyl&auml;ss&auml;.</p>\r\n<p>&nbsp;</p>\r\n<p>6.7. avattiin H&auml;meenlinnan muinaistaidekes&auml;&nbsp; Loit Joekaldan  kalliotaiden&auml;yttelyll&auml; <em>Kalliotaiteen lumo</em> H&auml;meenlinnan&nbsp;  kulttuurikeskuksessa. N&auml;yttelyn avasi kulttuuriministeri Tarja Filatov.  N&auml;yttely on taltioitu s&auml;hk&ouml;iseen muotoon ja se on tarkoitus julkaista  seuran nettisivuilla.</p>\r\n<p>&nbsp;</p>\r\n<p>27.7.-28.7. j&auml;rjestettiin H&auml;meenlinnassa  muinaistaideseminaari <em>Muinaisten kuvien &auml;&auml;rell&auml;</em>.&nbsp; Luennoitsijoina  olivat mm. Abram Stoljar, Rafail Minasjan, V&auml;ino Poikalainen ja Tatjana  Popova. Seminaarin avasi kansanedustaja Sirpa Pietik&auml;inen.&nbsp; Seminaarin  j&auml;lkeen tehtiin tutustumismatka Astuvansalmen ja Uittamonsalmen  kalliomaalauksille. Seminaari j&auml;rjestettiin yhteisty&ouml;ss&auml; H&auml;meenlinnan  kuvataidekoulun kanssa. Rahoitusta saatiin mm. SuVi-interreg  -hankkeesta.</p>\r\n<p>&nbsp;</p>\r\n<p>29.7.-1.8. toteutettiin pronssivalukurssi Lusissa aiheena  permil&auml;inen muinaistaide. Asiantuntijana toimi Rafail Minasjan  Eremitaasista.</p>\r\n<p>&nbsp;</p>\r\n<p>26.10. pidettiin syyskokous Helsingiss&auml; Tieteiden talossa.  Kokouksen j&auml;lkeen Eero Siljander piti esityksen Altain-matkastaan. Seura  kustansi kokouksen j&auml;lkeen n&auml;yttelyk&auml;ynnin Kulttuurien museoon  Siperia-n&auml;yttelyyn.</p>\r\n<p>&nbsp;</p>\r\n<p>Syyskokouksessa valittiin uusi hallitus, jonka  puheenjohtajaksi tuli Juhani Gr&ouml;nhagen sek&auml; varsinaisiksi j&auml;seniksi  Helena Karjalainen, Erkki Laita, Pekka Lehtim&auml;ki, V&auml;ino Poikalainen,  Miikka Pyykk&ouml;nen, Helena Saarikoski, Eero Siljander, Kaarina Sulam&auml;ki,  Pekka Tolvanen ja Liisa Vartiainen sek&auml; varalla Timo Miettinen ja Matti  Reinikainen.</p>\r\n<p>&nbsp;</p>\r\n<p>Tilintarkastajiksi valittiin Erkki Luoma-aho ja Guje  Katajam&auml;ki, varatilintarkastajiksi Riitta Virtanen ja Jouko Ahtola.</p>\r\n<p>&nbsp;</p>\r\n<p>Seuraava vuosikokous p&auml;&auml;tettiin pit&auml;&auml; Varkaudessa Eero  Autio -muistoseminaarin yhteydess&auml;.</p>\r\n<p>&nbsp;</p>\r\n<p>Suomen muinaistaideseura otti H&auml;meenlinnan kaupungille  osoittamallaan kirjelm&auml;ll&auml; kantaa Lusin&nbsp; toimintakeskuksen&nbsp;  s&auml;ilytt&auml;misen puolesta.&nbsp;</p>\r\n<p>&nbsp;</p>\r\n<p>Syksyll&auml; aloitettiin sek&auml; Varkaudessa ett&auml; Viron Kablissa  pidett&auml;vien Eero Autio -muistoseminaarien valmistelut.</p>\r\n<p>&nbsp;</p>\r\n<p>J&auml;senist&ouml;lle j&auml;rjestettiin retket Viroon Tarton maakuntaan,  &Auml;&auml;niselle ja Pohjois-Ruotsiin.</p>\r\n<p><strong>&nbsp;</strong></p>\r\n<p><strong>6. Muut asiat</strong>&nbsp;</p>\r\n<p>&nbsp;</p>\r\n<p>Television luontosarjassa Avara luonto esitettiin elokuva <em>Maitovalaiden  taru</em>, jossa oli runsaasti Uikujoen kalliopiirroksia. Asiantuntijana  elokuvassa toimi Rauno Lauhakangas.</p>\r\n<p>&nbsp;</p>\r\n<p>Seuran ensimm&auml;isen julkaisun, Eero Aution el&auml;m&auml;nty&ouml;lle  omistetun kirjan, Aurinkopeuran toimittaminen aloitettiin. Kirjan on  m&auml;&auml;r&auml; ilmesty&auml; vuonna 2003.</p>\r\n<p>&nbsp;</p>\r\n<p>Seura toimi kiinteiss&auml; suhteissa Viron muinaistaideseuran  kanssa.&nbsp; Suuri joukko seuran j&auml;seni&auml; osallistui marraskuussa Viron  muinaistaideseuran syyskokoukseen Lahemaalla. Tapaamisissa suunniteltiin  veljesseurojen yhteisi&auml; koulutusprojekteja, matkoja ja  n&auml;yttelyhankkeita.</p>\r\n<p>&nbsp;</p>\r\n<p>Kansainv&auml;lisi&auml; yhteyksi&auml; muinaistaiteen alalla pidettiin  mm. Ruotsiin, Norjaan, Saksaan, Ranskaan, Ven&auml;j&auml;lle ja Etel&auml;-Afrikkaan.</p>','2002'),(9,'Toimintakertomus 2003','<p><strong>1. Yleist&auml;</strong></p>\r\n<p><strong><br /></strong></p>\r\n<p>Vuosi 2003 oli seuran viides t&auml;ysi toimintavuosi. Seura  perustettiin 8.8.1998.&nbsp;</p>\r\n<p>&nbsp;</p>\r\n<p>Kuluneena toimintavuonna seura edisti suomensukuisten ja  muiden kansojen muinaisen taiteen, maailmankuvan, ymp&auml;rist&ouml;n, ja el&auml;m&auml;n  ymm&auml;rt&auml;mist&auml; sek&auml; toteutti k&auml;yt&auml;nn&ouml;ss&auml; muinaistaiteen tutkimusta ja  tunnetuksi tekemist&auml;.&nbsp;</p>\r\n<p>&nbsp;</p>\r\n<p>Seuran toimintaa tuki H&auml;meenlinnan kuvataidekoulu ja  H&auml;meenlinnan kaupunki&nbsp;</p>\r\n<p>&nbsp;</p>\r\n<p><strong>2.&nbsp;&nbsp;&nbsp;&nbsp;&nbsp; J&auml;senist&ouml;</strong><strong>&nbsp;</strong></p>\r\n<p><strong><br /></strong></p>\r\n<p>Seuran henkil&ouml;j&auml;senm&auml;&auml;r&auml; oli vuoden 2003 lopussa 188,  vuoden aikana uusia henkil&ouml;j&auml;seni&auml; liittyi 26 ja erosi 17.</p>\r\n<p>Seuran kunniaj&auml;senin&auml; olivat&nbsp; Abram Stolyar ja Pekka  Kivik&auml;s. Yhteis&ouml;j&auml;senen&auml; oli Kuvataideopettajaliitto ry.</p>\r\n<p>Henkil&ouml;j&auml;senten j&auml;senmaksu oli&nbsp; 20 euroa, yhteis&ouml;j&auml;senmaksu  60 euroa.</p>\r\n<p>&nbsp;</p>\r\n<p><strong>3.&nbsp;&nbsp;&nbsp;&nbsp;&nbsp; Hallitus ja toimihenkil&ouml;t</strong><strong>&nbsp;</strong></p>\r\n<p><strong><br /></strong></p>\r\n<p>Hallituksen puheenjohtajana toimi Juhani Gr&ouml;nhagen ja  j&auml;senin&auml; Pekka Lehtim&auml;ki (varapj.), Helena Karjalainen (sihteeri), Pekka  Tolvanen (rahastonhoitaja), Miikka Pyykk&ouml;nen, V&auml;ino Poikalainen, Helena  Saarikoski, Eero Siljander, Kaarina Sulam&auml;ki, &nbsp;Erkki Laita, Liisa  Vartiainen sek&auml; &nbsp;varaj&auml;senin&auml; Matti Reinikainen ja Timo Miettinen.<strong> </strong>Tilintarkastajina  toimivat Erkki Luoma-aho ja Guje Katajam&auml;ki sek&auml;&nbsp; varalla Riitta  Virtanen ja Jouko Ahtola.&nbsp;</p>\r\n<p>&nbsp;</p>\r\n<p>Hallitus kokoontui yhteens&auml; 6 kertaa (25.1.; 1.3.; 5.4.;  18.6.;13.9.; 29.11.).</p>\r\n<p>&nbsp;</p>\r\n<p><strong>4. Talous</strong>&nbsp;</p>\r\n<p>&nbsp;</p>\r\n<p>Tilikausi oli yhdistyksen viides t&auml;ysi tilivuosi.  Toimintavuoden alij&auml;&auml;m&auml; oli tuloslaskelmassa 1672,15 &euro;. Taseen oma  p&auml;&auml;oma oli 13321 &euro;.&nbsp;</p>\r\n<p>&nbsp;</p>\r\n<p>Jenny ja Antti Wihurin s&auml;&auml;ti&ouml;n my&ouml;nt&auml;m&auml;st&auml; 35 000 markan  apurahasta k&auml;ytettiin vuoden 2003 aikana&nbsp; 4781&euro; dokumentointikalustoon  ja Ulko-Tammiossa tapahtuneeseen dokumentointimenetelmien  soveltamiseen.&nbsp;</p>\r\n<p>&nbsp;</p>\r\n<p>Toimintansa tukemiseksi seura on myynyt postikorttisarjaa  ja hopeisia ja pronssisia Astuvan akka -veistoksia.</p>\r\n<p>&nbsp;</p>\r\n<p><strong>5.&nbsp;&nbsp;&nbsp;&nbsp;&nbsp; Seuran toiminta</strong>&nbsp;</p>\r\n<p>&nbsp;</p>\r\n<p>Kalliotaidetutkimusta, koulutus- ja opintomatkoja,  kansainv&auml;lisi&auml; suhteita, tiedotustoimintaa ja varainhankintaa varten  perustetut toimikunnat ovat toimineet aktiivisesti.&nbsp;</p>\r\n<p>&nbsp;</p>\r\n<p>J&auml;senist&ouml;lle tiedotettiin seuran toiminnasta kolmella  j&auml;senkirjeell&auml;.&nbsp;</p>\r\n<p>&nbsp;</p>\r\n<p>16.-19.4. j&auml;rjestettiin opintomatka Pietariin. Seminaarissa  kuunneltiin luentoja Pietarin yliopistossa &nbsp;paleoliittisesta taiteesta,  Polomskin varhaiskeskiaikaisista kaivauksista, It&auml;merensuomalaisten  ornamentiikasta, Nevajoen suiston suomalaisasutuksesta ja Pohjois-  Euroopan kalliotaiteen mets&auml;stysperinteest&auml;. Ohjelmassa oli tutustuminen  muinaiseen Storoja-Ladogan kaupunkiin ja Pavlovskin palatsiin. Matkalle  osallistui 54 &nbsp;henkil&ouml;&auml;.&nbsp;</p>\r\n<p>&nbsp;</p>\r\n<p>17.-18.5. j&auml;rjestettiin kalliotaide- ja seminaarimatka  Varkauteen. Matkalla tutustuttiin kalliomaalaus- ja arkeologisiin  kohteisiin. Eero Aution&nbsp; muistoksi j&auml;rjestetyss&auml; seminaarissa  asiantuntijaluennoitsijoina olivat Timo Miettinen (Noitarumpujen ja  kalliomaalauskuvien yht&auml;l&auml;isyyksist&auml;), V&auml;ino Poikalainen (Eero Autio  muinaistaiteen sillanrakentajana), Pekka Kivik&auml;s (Ruotsin  pyyntikulttuurin kalliokuvat suomalaisen silmin) ja Antero Kare (Eero  Aution el&auml;m&auml;nty&ouml;).</p>\r\n<p>&nbsp;</p>\r\n<p>Seminaarin yhteydess&auml; pidettiin seuran vuosikokous.&nbsp;</p>\r\n<p>&nbsp;</p>\r\n<p>25.-29.6. j&auml;rjestettiin Viron Kablissa muinaistaiteen 20-  vuotisjuhlaseminaari ja tutustumismatka Latviaan siguldaan ja sen  ymp&auml;rist&ouml;&ouml;n. Seminaari ja matka rahoitettiin SuVi- interregghankkeen  varoilla.&nbsp;</p>\r\n<p>&nbsp;</p>\r\n<p>18.-22.7. j&auml;rjestettiin Ulko-Tammiossa dokumentointileiri,  jossa perehdyttiin erilaisiin tapoihin tallentaa kalliouurroksia.  Osanottajia oli yhteens&auml; 8 henke&auml; Suomesta, Virosta ja Latviasta.</p>\r\n<p>&nbsp;</p>\r\n<p>Elokuun alussa 8 hengen ryhm&auml; teki kalliotaidematkan  &Auml;&auml;nisen kalliopiirroksille.&nbsp;</p>\r\n<p>&nbsp;</p>\r\n<p>11.10. pidettiin syyskokous Hattulassa Retulansaaren  Ylikartanossa. Kokouksen yhteydess&auml; Eero Ojanen esitelm&ouml;i saaren  historiasta ja Ylikartanosta. Johtavana teemana oli&nbsp; ajatus paikan  hengest&auml;.</p>\r\n<p>&nbsp;</p>\r\n<p>Syyskokouksessa valittiin uusi hallitus, jonka  puheenjohtajaksi tuli Juhani Gr&ouml;nhagen sek&auml; varsinaisiksi j&auml;seniksi  Helena Karjalainen, Erkki Laita, Pekka Lehtim&auml;ki, Timo Miettinen, V&auml;ino  Poikalainen, Miikka Pyykk&ouml;nen, Helena Saarikoski, Eero Siljander,  Kaarina Sulam&auml;ki ja Liisa Vartiainen sek&auml; varalle Matti Reinikainen ja  Jarmo Laaksonen.</p>\r\n<p>&nbsp;</p>\r\n<p>Tilintarkastajiksi valittiin Erkki Luoma-aho ja Guje  Katajam&auml;ki, varatilintarkastajiksi Riitta Virtanen ja Helena Koskela.</p>\r\n<p>&nbsp;</p>\r\n<p>Seuraava vuosikokous p&auml;&auml;tettiin pit&auml;&auml; Myn&auml;m&auml;ell&auml;  j&auml;rjestett&auml;v&auml;n seminaarin yhteydess&auml;.&nbsp;</p>\r\n<p>&nbsp;</p>\r\n<p>3.-5.10. seuran j&auml;senet osallistuivat runsaslukuisina Viron  muinaistaideseuran syyskokoukseen Lahemaalla. Asiantuntijaluentoina  kuultiin esitelmi&auml; mm. Baikalin ja Luoteis-Burjatian kalliotaiteesta.</p>\r\n<p>&nbsp;</p>\r\n<p><strong>6. Muut asiat</strong></p>\r\n<p><strong><br /></strong></p>\r\n<p>Toimintavuoden aikana saatiin valmiiksi seuran ensimm&auml;inen  vuosijulkaisu Aurinkopeura I yhteisty&ouml;ss&auml; H&auml;meenlinnan Lasten ja Nuorten  kuvataide- ja k&auml;sity&ouml;koulun koordinoiman SuVi &ndash;hankkeen kanssa.</p>\r\n<p>&nbsp;</p>\r\n<p>Seuran www-sivujan teknist&auml; ja sis&auml;ll&ouml;llist&auml; koostamista  jatkettiin.</p>\r\n<p>&nbsp;</p>\r\n<p>Kansainv&auml;lisi&auml; yhteyksi&auml; muinaistaiteen alalla pidettiin  mm. Viroon, Ruotsiin, Norjaan, Saksaan, Ranskaan ja Ven&auml;j&auml;lle.</p>','2003'),(10,'Toimintakertomus 2004','<p><strong>1.&nbsp;&nbsp;&nbsp;&nbsp;&nbsp; Yleist&auml;</strong></p>\r\n<p><strong><br /></strong></p>\r\n<p>Vuosi 2004 oli seuran kuudes t&auml;ysi toimintavuosi. Seura  perustettiin 8.8.1998.</p>\r\n<p>&nbsp;</p>\r\n<p>Kuluneena toimintavuonna seura edisti suomensukuisten ja  muiden kansojen muinaisen taiteen, maailmankuvan, ymp&auml;rist&ouml;n, ja el&auml;m&auml;n  ymm&auml;rt&auml;mist&auml; sek&auml; toteutti k&auml;yt&auml;nn&ouml;ss&auml; muinaistaiteen tutkimusta ja  tunnetuksi tekemist&auml;.</p>\r\n<p>&nbsp;</p>\r\n<p>Seuran toimintaa tuki H&auml;meenlinnan kuvataidekoulu ja  H&auml;meenlinnan kaupunki.</p>\r\n<p>&nbsp;</p>\r\n<p><strong>2.&nbsp;&nbsp;&nbsp;&nbsp;&nbsp; J&auml;senist&ouml;</strong></p>\r\n<p><strong>&nbsp;</strong><strong>&nbsp;</strong></p>\r\n<p>Seuran henkil&ouml;j&auml;senm&auml;&auml;r&auml; oli vuoden 2004 &nbsp;lopussa 201<strong> </strong>ja  yksi yhteis&ouml;j&auml;sen. Vuoden aikana uusia henkil&ouml;j&auml;seni&auml; liittyi 16 ja  erosi 3.</p>\r\n<p>Seuran kunniaj&auml;senin&auml; olivat&nbsp; Abram Stolyar ja Pekka  Kivik&auml;s. Yhteis&ouml;j&auml;senen&auml; oli Kuvataideopettajaliitto ry.</p>\r\n<p>Henkil&ouml;j&auml;senten j&auml;senmaksu oli&nbsp; 20 euroa, yhteis&ouml;j&auml;senmaksu  60 euroa.&nbsp;</p>\r\n<p>&nbsp;</p>\r\n<p><strong>3.&nbsp;&nbsp;&nbsp;&nbsp;&nbsp; Hallitus ja toimihenkil&ouml;t</strong></p>\r\n<p>&nbsp;</p>\r\n<p>Hallituksen puheenjohtajana toimi Juhani Gr&ouml;nhagen ja  j&auml;senin&auml; Pekka Lehtim&auml;ki (varapj.),&nbsp; Helena Karjalainen (sihteeri),  Erkki Laita, Timo Miettinen, Miikka Pyykk&ouml;nen, V&auml;ino Poikalainen, Helena  Saarikoski, Eero Siljander, Kaarina Sulam&auml;ki, Liisa Vartiainen,  varaj&auml;senin&auml; Jarmo Laaksonen ja Matti Reinikainen.<strong> </strong>Rahastonhoitajana  toimi Pekka Tolvanen 23.3. 2004 saakka.</p>\r\n<p>&nbsp;</p>\r\n<p>Tilintarkastajina toimivat Erkki Luoma-aho ja Guje  Katajam&auml;ki sek&auml;&nbsp; varalla Riitta Virtanen ja Helena Koskela.</p>\r\n<p>&nbsp;</p>\r\n<p>Hallitus kokoontui yhteens&auml; 9 kertaa (17.1; 28.2; 23.3;  3.4; 24.4; 28.8; 23.9; 31.10; 27.11. )</p>\r\n<p>&nbsp;</p>\r\n<p><strong>4. Talous</strong>&nbsp;</p>\r\n<p>&nbsp;</p>\r\n<p>Tilikausi oli yhdistyksen kuudes t&auml;ysi tilivuosi.  Toimintavuoden&nbsp; tuloslaskelma n&auml;ytti ylij&auml;&auml;m&auml;&auml; 1011,77 &euro;. Taseen oma  p&auml;&auml;oma oli 14333,26 &euro;.&nbsp;&nbsp;&nbsp;</p>\r\n<p>&nbsp;</p>\r\n<p>Vuosikokouksessa 20.3. pidetty seuran vuosikokous  jouduttiin keskeytt&auml;m&auml;&auml;n keskener&auml;isen tilinp&auml;&auml;t&ouml;ksen ja seuran  taloudessa ilmenneiden ep&auml;selvyyksien takia. Vuosikokousta jatkettiin  3.4., jolloin kokous hyv&auml;ksyi uudelleen tehdyn vuoden 2003  tilinp&auml;&auml;t&ouml;ksen&nbsp; my&ouml;nt&auml;m&auml;tt&auml; hallitukselle vastuuvapautta. Syyn&auml; olivat  rahastonhoitajan tekem&auml;t taloudelliset v&auml;&auml;rink&auml;yt&ouml;kset. Nostetussa  oikeudenk&auml;ynniss&auml; rahastonhoitajan todettiin syyllistyneen  12.4.2002-21.3. 2004 v&auml;lisen&auml; aikana kavallukseen, jonka kokonaissumma  on 10474,80&euro;. Tuusulan k&auml;r&auml;j&auml;oikeus tuomitsi istunnossaan 15.12. 2004  &nbsp;rahastonhoitaja Tolvasen&nbsp; korvaamaan kavalletut varat 10474,80 &euro;  korkolain 4&sect; 1 momentin mukaisine viiv&auml;styskorkoineen 1.4. 2004 alkaen  sek&auml; oikeudenk&auml;yntikulut 338,38 &euro; korkolain 4&sect;1 momentin mukaisine  viiv&auml;styskorkoineen.&nbsp;</p>\r\n<p>&nbsp;</p>\r\n<p>Jenny ja Antti Wihurin s&auml;&auml;ti&ouml;n my&ouml;nt&auml;m&auml;st&auml; apurahasta  k&auml;ytettiin 2004 aikana 700&euro; matkakustannuksiin. Apurahan k&auml;yt&ouml;st&auml;  toimitettiin s&auml;&auml;ti&ouml;lle asianmukainen raportti.&nbsp;</p>\r\n<p>&nbsp;</p>\r\n<p>Toimintansa tukemiseksi seura on myynyt postikorttisarjaa  ja hopeisia ja pronssisia Astuvan akka &ndash;veistoksia sek&auml; seuran julkaisua  Aurinkopeura I ja Aurinkopeura II.</p>\r\n<p>&nbsp;</p>\r\n<p><strong>5.&nbsp;&nbsp;&nbsp;&nbsp;&nbsp; Seuran toiminta</strong></p>\r\n<p><strong><br /></strong></p>\r\n<p>Kalliotaidetutkimusta, koulutus- ja opintomatkoja,  kansainv&auml;lisi&auml; suhteita, tiedotustoimintaa ja varainhankintaa varten  perustetut toimikunnat ovat jatkaneet toimintaansa.&nbsp;</p>\r\n<p>&nbsp;</p>\r\n<p>J&auml;senist&ouml;lle tiedotettiin seuran toiminnasta nelj&auml;ll&auml;  j&auml;senkirjeell&auml;.</p>\r\n<p>&nbsp;</p>\r\n<p>20.3. j&auml;rjestettiin H&auml;meenlinnan Raatihuoneella  kalliotaidetta ja siirym&auml;riittej&auml; k&auml;sittelev&auml; Kuvavirta-ajan virta  -seminaari Aimokoulun&nbsp; ja Suomen muinaistaideseuran yhteisty&ouml;n&auml;.  Luennoitsijoina olivat professori Juha Pentik&auml;inen, dosentti Ildik&oacute;  Lehtinen, dosentti V&auml;ino Poikalainen ja FK Timo Miettinen. Illanvietossa  kuvataidekoululla kuultiin tuvalaista kurkkulaulua Cedip Tur &ndash;yhtyeen  esitt&auml;m&auml;n&auml;.</p>\r\n<p>&nbsp;</p>\r\n<p>Seminaarin j&auml;lkeen pidettiin vuosikokous, joka jouduttiin  keskeytt&auml;m&auml;&auml;n kohdassa 4 mainituista syist&auml;. Kokousta jatkettiin 3.4.&nbsp;</p>\r\n<p>&nbsp;</p>\r\n<p>7.-10.4. j&auml;rjestettiin opintomatka Pietariin ja  Novgorodiin. Pietarissa kultiin Aleksander Saksan esitelm&auml; Karjalan  synnyst&auml;. Novgorodissa tutustuttiin kirkkoihin, museoihin ja toimiviin  luostareihin ja solmittiin suhteita paikallisiin tutkijoihin ja  museoviranomaisiin. Matkalle osallistui 38 henkil&ouml;&auml;.&nbsp;</p>\r\n<p>&nbsp;</p>\r\n<p>15.-16.5. j&auml;rjestettiin perinteinen kev&auml;tretki  Hankasalmelle. Matkalla tutustuttiin mm. kalliomaalauksiin,  arkeologisiin kohteisiin, Kuuhankaveden ruumissaariin ja Pet&auml;j&auml;veden  puukirkkoon.</p>\r\n<p>&nbsp;</p>\r\n<p>1.-4.7. Viron muinaistaideseura j&auml;rjesti Pandiveren  yl&auml;ng&ouml;lle kes&auml;retken, jolle osallistui my&ouml;s Suomen muinaistaideseuran  j&auml;seni&auml;.&nbsp;</p>\r\n<p>&nbsp;</p>\r\n<p>28.9.-10.10. tutustui 26 seuran j&auml;sent&auml; Espanjan ja Ranskan  paleoliittisiin kalliotaidekohteisiin.&nbsp;</p>\r\n<p>&nbsp;</p>\r\n<p>15.-16.10. Viron muinaistaideseuran vuosikokous pidettiin  Lahemaalla.&nbsp;</p>\r\n<p>&nbsp;</p>\r\n<p>31.10. pidettiin seuran syyskokous ja pienimuotoinen  seminaari Hattulan Retulansaaressa. Esitelmi&auml; pitiv&auml;t seuran  puheenjohtaja Juhani Gr&ouml;nhagen, filosofi, kirjailija Eero Ojanen ja  professori Heikki Laitinen.</p>\r\n<p>&nbsp;</p>\r\n<p>Syyskokouksessa valittiin vuodeksi 2005 uusi hallitus,  jonka puheenjohtajaksi tuli Juhani Gr&ouml;nhagen sek&auml; varsinaisiksi  j&auml;seniksi Tuire Jylh&auml;, Helena Karjalainen, Matti Kokkonen, Pekka  Lehtim&auml;ki, V&auml;ino Poikalainen, Kimmo Puranen,&nbsp; Helena Saarikoski, Eero  Siljander, Kaarina Sulam&auml;ki ja Liisa Vartiainen sek&auml; varalle Timo  Miettinen ja Miikka Pyykk&ouml;nen.</p>\r\n<p>&nbsp;</p>\r\n<p>Varsinaisiksi tilintarkastajiksi valittiin Jouko Ahtola ja  Timo Lampinen, varatilintarkastajiksi P&auml;ivi Voutilainen ja Mikael  Saarikoski.</p>\r\n<p><strong>&nbsp;</strong></p>\r\n<p><strong>6. Muut asiat</strong>&nbsp;</p>\r\n<p>&nbsp;</p>\r\n<p>Toimintavuoden aikana saatiin valmiiksi seuran toinen  vuosijulkaisu Aurinkopeura II yhteisty&ouml;ss&auml; H&auml;meenlinnan Lasten ja  Nuorten kuvataide- ja k&auml;sity&ouml;koulun Aimokoulun koordinoiman SuVi  &ndash;hankkeen kanssa.</p>\r\n<p>&nbsp;</p>\r\n<p>Kirja painettiin Virossa. Seuran www-sivujen teknist&auml; ja  sis&auml;ll&ouml;llist&auml; koostamista jatkettiin.</p>\r\n<p>&nbsp;</p>\r\n<p>Kansainv&auml;lisi&auml; yhteyksi&auml; muinaistaiteen alalla pidettiin  yll&auml; mm. Ven&auml;j&auml;lle, Viroon, Ruotsiin, Espanjaan, Ranskaan ja Italiaan.</p>','2004'),(11,'Toimintakertomus 2005','<p><strong>1.&nbsp;&nbsp;&nbsp;&nbsp;&nbsp; Yleist&auml;</strong></p>\r\n<p>&nbsp;</p>\r\n<p>Vuosi 2005 oli seuran seitsem&auml;s t&auml;ysi toimintavuosi. Seura  perustettiin 8.8.1998.</p>\r\n<p>&nbsp;</p>\r\n<p>Kuluneena toimintavuonna seura edisti suomensukuisten ja  muiden kansojen muinaisen taiteen, maailmankuvan, ymp&auml;rist&ouml;n, ja el&auml;m&auml;n  ymm&auml;rt&auml;mist&auml; sek&auml; toteutti k&auml;yt&auml;nn&ouml;ss&auml; muinaistaiteen tutkimusta ja  tunnetuksi tekemist&auml;.</p>\r\n<p>&nbsp;</p>\r\n<p>Seuran toimintaa tuki H&auml;meenlinnan kuvataidekoulu ja  H&auml;meenlinnan kaupunki.</p>\r\n<p>&nbsp;</p>\r\n<p><strong>2.&nbsp;&nbsp;&nbsp;&nbsp;&nbsp; J&auml;senist&ouml;</strong></p>\r\n<p>&nbsp;</p>\r\n<p>Seuran henkil&ouml;j&auml;senm&auml;&auml;r&auml; oli vuoden 2005 lopussa 217<strong> </strong>ja  yksi yhteis&ouml;j&auml;sen. Vuoden aikana uusia henkil&ouml;j&auml;seni&auml; liittyi 19 ja  erosi 3.</p>\r\n<p>Seuran kunniaj&auml;senin&auml; olivat&nbsp; Abram Stolyar ja Pekka  Kivik&auml;s. Yhteis&ouml;j&auml;senen&auml; oli Kuvataideopettajaliitto ry.</p>\r\n<p>Henkil&ouml;j&auml;senten j&auml;senmaksu oli&nbsp; 20 euroa, yhteis&ouml;j&auml;senmaksu  60 euroa.</p>\r\n<p>&nbsp;</p>\r\n<p><strong>3.&nbsp;&nbsp;&nbsp;&nbsp;&nbsp; Hallitus ja toimihenkil&ouml;t</strong></p>\r\n<p>&nbsp;</p>\r\n<p>Hallituksen puheenjohtajana toimi Juhani Gr&ouml;nhagen ja  j&auml;senin&auml; Pekka Lehtim&auml;ki (varapj.),&nbsp; Helena Karjalainen (sihteeri),  Tuire Jylh&auml; (nyk. Lillman; talous ja j&auml;senrekisteri),&nbsp; Matti Kokkonen,&nbsp;  V&auml;ino Poikalainen, Kimmo Puranen, Helena Saarikoski, Eero Siljander,  Kaarina Sulam&auml;ki ja Liisa Vartiainen sek&auml; varalla Timo Miettinen ja  Miikka Pyykk&ouml;nen.</p>\r\n<p>&nbsp;</p>\r\n<p>Varsinaisina tilintarkastajina toimivat Jouko Ahtola ja  Timo Lampinen sek&auml; varatilintarkastajina Mikael Saarikoski ja P&auml;ivi  Voutilainen.&nbsp;</p>\r\n<p>&nbsp;</p>\r\n<p>Hallitus kokoontui yhteens&auml; 6 kertaa (15.1; 5.3; 16.4;  28.8; 25.9; 3.12;)</p>\r\n<p>&nbsp;</p>\r\n<p><strong>4. Talous</strong>&nbsp;</p>\r\n<p>&nbsp;</p>\r\n<p>Tilikausi oli yhdistyksen seitsem&auml;s t&auml;ysi tilivuosi.  Toimintavuoden&nbsp; tuloslaskelma n&auml;ytti ylij&auml;&auml;m&auml;&auml; 2825,44 &euro;. Taseen oma  p&auml;&auml;oma oli 4005,57 &euro;.&nbsp;</p>\r\n<p>&nbsp;</p>\r\n<p>Toimintansa tukemiseksi seura on myynyt postikorttisarjaa  ja hopeisia ja pronssisia Astuvan akka &ndash;veistoksia sek&auml; seuran  julkaisuja Aurinkopeura I ja Aurinkopeura II.</p>\r\n<p>&nbsp;</p>\r\n<p><strong>5.&nbsp;&nbsp;&nbsp;&nbsp;&nbsp; Seuran toiminta</strong>&nbsp;</p>\r\n<p>&nbsp;</p>\r\n<p>Kalliotaidetutkimusta, koulutus- ja opintomatkoja,  kansainv&auml;lisi&auml; suhteita, tiedotustoimintaa ja varainhankintaa varten perustetut toimikunnat ovat  jatkaneet toimintaansa seuraavilla kokoonpanoilla:</p>\r\n<p>&nbsp;</p>\r\n<p><span style=\"text-decoration: underline;\">Muinaistaidetutkimus:</span> V&auml;ino Poikalainen, Timo  Miettinen, Eero Siljander, Juhani Gr&ouml;nhagen ja Heikki Laitinen.</p>\r\n<p>&nbsp;</p>\r\n<p><span style=\"text-decoration: underline;\">Koulutus ja opintomatkat:</span> Pekka Lehtim&auml;ki, Liisa  Vartiainen, Riitta Virtanen, Eero Siljander, Kimmo Puranen ja Matti  Kokkonen.</p>\r\n<p>&nbsp;</p>\r\n<p><span style=\"text-decoration: underline;\">Kansainv&auml;liset suhteet:</span> Leena Lehtinen, Kaarina  Sulam&auml;ki, V&auml;ino Poikalainen, Matti Reinikainen ja Juhani Gr&ouml;nhagen.</p>\r\n<p>&nbsp;</p>\r\n<p><span style=\"text-decoration: underline;\">Tiedotus ja julkaisutoiminta:</span> Helena Saarikoski,  Matti Kokkonen, Helena Karjalainen, Juhani Gr&ouml;nhagen, Eero Siljander ja  Kimmo Puranen.</p>\r\n<p>&nbsp;</p>\r\n<p><span style=\"text-decoration: underline;\">Varainhankinta:</span> Tuire Jylh&auml;(Lillman), Pekka  Lehtim&auml;ki, Kimmo Puranen ja Juhani Gr&ouml;nhagen.&nbsp;</p>\r\n<p>&nbsp;</p>\r\n<p>Seuran hallitus p&auml;&auml;tti osallistua yhteisty&ouml;kumppanina Retu -  h&auml;m&auml;l&auml;inen maisema, kulttuuri ja luovuus &ndash;hankkeeseen vuosina  2006-2007.&nbsp;</p>\r\n<p>&nbsp;</p>\r\n<p>J&auml;senist&ouml;lle tiedotettiin seuran toiminnasta nelj&auml;ll&auml;  j&auml;senkirjeell&auml;.</p>\r\n<p>&nbsp;</p>\r\n<p><strong>6. Seminaarit, matkat ja kokoukset</strong></p>\r\n<p><strong><br /></strong></p>\r\n<p>23.-26.3. tehtiin perinteinen seminaarimatka Pietariin.&nbsp;  Ohjelmassa oli runsaasti esitelmi&auml; Tuvan ja Kuolan kalliotaiteesta,  Viipurin kaivauksista&nbsp; sek&auml; tutustumisk&auml;ynti mm. Pietari Paavalin  linnoitukseen. Matkalle osallistui 38 henke&auml;.&nbsp;</p>\r\n<p>&nbsp;</p>\r\n<p>16.-17.4. Keski-Suomen muinaistutkijat j&auml;rjestiv&auml;t  Jyv&auml;skyl&auml;n maakunta&shy;museossa kalliotaideseminaarin. Esi&shy;tel&shy;mi&shy;en  aiheina olivat mm. Umbajoen ja Kuolan kalliotaide, Ruotsin Tanumin  alueen kallio&shy;piirrokset sek&auml; Espanjan ja Ranskan paleo&shy;liittinen  luolataide.&nbsp;</p>\r\n<p>&nbsp;</p>\r\n<p>28. - 29. 5. 2005 tehtiin perinteinen kev&auml;tretki  linja-autolla Varsinais-Suomen ja L&auml;nsi-Uudenmaan historiallisille ja  esihistoriallisille kohteille. Retken yhteydess&auml; 28.5 pidettiin seuran  vuosikokous, jossa hyv&auml;ksyttiin tilikertomus ja hallitukselle annettiin  vastuuvapaus.</p>\r\n<p>&nbsp;</p>\r\n<p>30.6-3.7. veljesseuramme Viron muinaistaideseura j&auml;rjesti  kes&auml;retken Haanjaan V&otilde;rumaalle, jonne osallistui joukko seuran j&auml;seni&auml;.</p>\r\n<p>&nbsp;</p>\r\n<p>11.-22.7. oli vuorossa retki &Auml;&auml;nisen kalliopiirroksille<strong>. </strong></p>\r\n<p><strong><br /></strong></p>\r\n<p>15.-19.9.&nbsp; muutamat seuran j&auml;senet tutustuivat Ruotsissa  Tanumissa kalliopiirroksiin ja muihin muinaisn&auml;ht&auml;vyyksiin Keski-Suomen  muinaistutkijoiden ja P&auml;ij&auml;t-H&auml;men tutkimusseuran matkalla.&nbsp;</p>\r\n<p>&nbsp;</p>\r\n<p>14.-16.10. &nbsp;pidettiin&nbsp; Kose-Uuemoisassa Viron  muinaistaideseuran vuosikokous, johon osallistui useita seuran j&auml;seni&auml;..</p>\r\n<p>&nbsp;</p>\r\n<p>29.10. j&auml;rjestettiin Paikka ja Viesti muinaistaideseminaari  H&auml;meenlinnassa. Luennoitsijoina olivat Eero Siljander, Antero Kare ja  Anna Partanen aiheina paleoliittinen taide ja Pohjois-Satakunnan  lappalaisasutus. Samassa yhteydess&auml; pidettiin my&ouml;s seuran syyskokous,  jossa hyv&auml;ksyttiin vuoden 2006 toimintasuunnitelma ja valittiin uusi&nbsp;  hallitus ja tilintarkastajat: Puheenjohtajaksi<strong> </strong>valittiin Juhani  Gr&ouml;nhagen, varsinaisiksi j&auml;seniksi Helena Karjalainen, Pekka Lehtim&auml;ki,  Tuire Lillman, V&auml;ino Poikalainen, Kimmo Puranen, Helena Saarikoski,  Sirkka Sammas, Vike Schaffter, Eero Siljander, Kaarina Sulam&auml;ki sek&auml;  varaj&auml;seniksi Timo Ruotsalainen&nbsp; ja Liisa Vartiainen</p>\r\n<p>&nbsp;</p>\r\n<p>Varsinaisiksi tilintarkastajiksi valittiin Mikael  Saarikoski ja Timo Lampinen, varatilintarkastajiksi Eliisa Soirila ja  P&auml;ivi Voutilainen.&nbsp;</p>\r\n<p>&nbsp;</p>\r\n<p>Syksyksi alustavasti suunniteltua Valcamonican retke&auml; ei  j&auml;rjestetty runsaan muun tarjonnan vuoksi.</p>\r\n<p>&nbsp;</p>\r\n<p><strong>7. Muut asiat</strong></p>\r\n<p><strong><br /></strong></p>\r\n<p>Kansainv&auml;lisi&auml; yhteyksi&auml; muinaistaiteen alalla pidettiin  yll&auml; mm. Ven&auml;j&auml;lle, Viroon, Ruotsiin, Espanjaan, Ranskaan ja Italiaan.</p>','2005'),(12,'Toimintakertomus 2006','<p><strong>1.&nbsp;&nbsp;&nbsp;&nbsp;&nbsp; Yleist&auml;</strong></p>\r\n<p><strong><br /></strong></p>\r\n<p>Vuosi 2006 oli seuran kahdeksas t&auml;ysi toimintavuosi. Seura  perustettiin 8.8.1998.</p>\r\n<p>&nbsp;</p>\r\n<p>Kuluneena toimintavuonna seura edisti suomensukuisten ja  muiden kansojen muinaisen taiteen, maailmankuvan, ymp&auml;rist&ouml;n, ja el&auml;m&auml;n  ymm&auml;rt&auml;mist&auml; sek&auml; toteutti k&auml;yt&auml;nn&ouml;ss&auml; muinaistaiteen tutkimusta ja  tunnetuksi tekemist&auml;.</p>\r\n<p>&nbsp;</p>\r\n<p>Seuran toimintaa tuki H&auml;meenlinnan kuvataidekoulu ja  H&auml;meenlinnan kaupunki.</p>\r\n<p>&nbsp;</p>\r\n<p><strong>2.&nbsp;&nbsp;&nbsp;&nbsp;&nbsp; J&auml;senist&ouml;</strong></p>\r\n<p><strong><br /></strong></p>\r\n<p>Seuran henkil&ouml;j&auml;senm&auml;&auml;r&auml; oli vuoden 2006 &nbsp;lopussa 219<strong> </strong>ja  yksi yhteis&ouml;j&auml;sen. Vuoden aikana uusia henkil&ouml;j&auml;seni&auml; liittyi 20 ja  erosi kolme.</p>\r\n<p>Seuran kunniaj&auml;senin&auml; olivat&nbsp; Abram Stolyar ja Pekka  Kivik&auml;s. Yhteis&ouml;j&auml;senen&auml; oli Kuvataideopettajaliitto ry.</p>\r\n<p>Henkil&ouml;j&auml;senten j&auml;senmaksu oli&nbsp; 20 euroa, yhteis&ouml;j&auml;senmaksu  60 euroa.</p>\r\n<p>&nbsp;</p>\r\n<p><strong>3.&nbsp;&nbsp;&nbsp;&nbsp;&nbsp; Hallitus ja toimihenkil&ouml;t</strong></p>\r\n<p><strong><br /></strong></p>\r\n<p>Hallituksen puheenjohtajana toimi Juhani Gr&ouml;nhagen ja  j&auml;senin&auml; Pekka Lehtim&auml;ki (varapj.),&nbsp; Helena Karjalainen (sihteeri),  Tuire Lillman ( talous ja j&auml;senrekisteri),&nbsp;&nbsp; V&auml;ino Poikalainen, Kimmo  Puranen, Helena Saarikoski, Eero Siljander, Kaarina Sulam&auml;ki, Sirkka  Sammas ja Vike Schaffter sek&auml; varallaTimo Ruotsalainen ja Liisa  Vartiainen.</p>\r\n<p>&nbsp;</p>\r\n<p>Varsinaisina tilintarkastajina toimivat Mikael Saarikoski  ja Timo Lampinen sek&auml; varatilintarkastajina Eliisa Soirila ja P&auml;ivi  Voutilainen.</p>\r\n<p>&nbsp;</p>\r\n<p>Hallitus kokoontui yhteens&auml; 6 kertaa (22.1.; 5.3.; 23.4.;  19.8.; 23.9.; 2.12.).</p>\r\n<p>&nbsp;</p>\r\n<p><strong>4. Talous</strong></p>\r\n<p><strong><br /></strong></p>\r\n<p>Tilikausi oli yhdistyksen seitsem&auml;s t&auml;ysi tilivuosi.  Toimintavuoden&nbsp; tuloslaskelma n&auml;ytti ylij&auml;&auml;m&auml;&auml; 1201,30 &euro;. Vastattavaa  oli 18360 &euro;.&nbsp;</p>\r\n<p>&nbsp;</p>\r\n<p>Toimintansa tukemiseksi seura on myynyt postikorttisarjaa  ja hopeisia ja pronssisia Astuvan akka &ndash;veistoksia sek&auml; seuran  julkaisuja Aurinkopeura I ja Aurinkopeura II.&nbsp;</p>\r\n<p>&nbsp;</p>\r\n<p><strong>5.&nbsp;&nbsp;&nbsp;&nbsp;&nbsp; Seuran toiminta</strong></p>\r\n<p><strong><br /></strong></p>\r\n<p>Kalliotaidetutkimusta, koulutus- ja opintomatkoja,  kansainv&auml;lisi&auml; suhteita, tiedotustoimintaa ja varainhankintaa varten perustetut toimikunnat ovat  jatkaneet toimintaansa seuraavilla kokoonpanoilla:</p>\r\n<p>&nbsp;</p>\r\n<p><span style=\"text-decoration: underline;\">Muinaistaidetutkimus:</span> &nbsp;<span style=\"text-decoration: underline;\">Eero Siljander</span>, Jouko  Ahtola, V&auml;ino Poikalainen,&nbsp; Juhani Gr&ouml;nhagen, &nbsp;Heikki Laitinen, Antti  Lahelma ja Kimmo Puranen.</p>\r\n<p>&nbsp;</p>\r\n<p><span style=\"text-decoration: underline;\">Koulutus ja opintomatkat:</span> &nbsp;<span style=\"text-decoration: underline;\">Pekka Lehtim&auml;ki</span>,  Liisa Vartiainen, Riitta Virtanen, Eero Siljander, Sirkka Sammas ja Timo  Ruotsalainen.</p>\r\n<p>&nbsp;</p>\r\n<p><span style=\"text-decoration: underline;\">Kansainv&auml;liset suhteet:</span> &nbsp;<span style=\"text-decoration: underline;\">Kaarina Sulam&auml;ki</span>,  Leena Lehtinen, V&auml;ino Poikalainen, Juhani Gr&ouml;nhagen ja Antti Lahelma.</p>\r\n<p>&nbsp;</p>\r\n<p><span style=\"text-decoration: underline;\">Tiedotus ja julkaisutoiminta:</span> &nbsp;<span style=\"text-decoration: underline;\">Helena Saarikoski</span>,  Helena Karjalainen, Juhani Gr&ouml;nhagen, Eero Siljander, Pekka Lehtim&auml;ki  &nbsp;ja Kimmo Puranen.</p>\r\n<p>&nbsp;</p>\r\n<p><span style=\"text-decoration: underline;\">Varainhankinta:</span>&nbsp; <span style=\"text-decoration: underline;\">Pekka Lehtim&auml;ki</span>, Tuire  Lillman, Vike Schaffter, Liisa Vartiainen, &nbsp;Juhani Gr&ouml;nhagen ja Jouko  Ahtola.</p>\r\n<p>&nbsp;</p>\r\n<p>Seuran hallitus on osallistunut kuluneena vuonna  &nbsp;yhteisty&ouml;kumppanina Retu - h&auml;m&auml;l&auml;inen maisema, kulttuuri ja luovuus  &ndash;hankkeeseen (osallistumismaksu 1000&euro;).&nbsp;</p>\r\n<p>&nbsp;</p>\r\n<p>J&auml;senist&ouml;lle tiedotettiin seuran toiminnasta kolmella  j&auml;senkirjeell&auml;.&nbsp;</p>\r\n<p>&nbsp;</p>\r\n<p>Aurinkopeura III ty&ouml;st&auml;mist&auml; jatkettiin. Julkaisu painetaan  v. 2007 Virossa.&nbsp;</p>\r\n<p>&nbsp;</p>\r\n<p>Seura esitti huolestuneisuutensa It&auml;-Uudellemaalle  kaavailtujen uraanin etsint&auml;- louhintahankkeiden johdosta. Kirjelm&auml;  l&auml;hetettiin eri viranomaistahoille.&nbsp;</p>\r\n<p>&nbsp;</p>\r\n<p>Seura k&auml;vi neuvottelujaRistiinan kunnan johdon kanssa  kuntaan mahdollisesti perustettavasta kalliotaidekeskuksesta.  Asiantuntijoina olivat Rauno Lauhakangas ja Juhani Gr&ouml;nhagen.</p>\r\n<p>&nbsp;</p>\r\n<p><strong>6. Seminaarit, matkat ja kokoukset</strong></p>\r\n<p><strong><br /></strong></p>\r\n<p>12.-15.4. Kulttuurimatka Novgorodiin jaPihkovaan. Oppaana  oli tohtori Aleksander Saksa. Tutustumiskohteina olivat mm. Porhovin ja  Pihkovan linnat, Dovmontin, Miroskijin, Snetogorskin ja Petserin  Uspenskin luostarit sek&auml; Isborskin linnavuori. Suomeen palattiin Viron  kautta. Matkalle osallistui 45 henke&auml;.</p>\r\n<p>&nbsp;</p>\r\n<p>27.-28.5 Kev&auml;tretki&nbsp; ja vuosikokous. Kev&auml;tretki suuntautui  Satakuntaan, jossa tutustuttiin moniin esihistoriallisiin hautoihin ja  kiinnostaviin museoihin. Ajoimme my&ouml;s Jokioisten kapearaiteisella  museojunalla. Vuosikokous pidettiin Eurassa. Kokouksessa hyv&auml;ksyttiin  tilikertomus ja hallitukselle annettiin vastuuvapaus.</p>\r\n<p>&nbsp;</p>\r\n<p>Kes&auml;kuussa j&auml;rjestettiin yhteisty&ouml;ss&auml; Retu-hankkeen ja  H&auml;meenlinnan Aimokoulun kanssa &rdquo;Mummo muisti, juttu luisti&rdquo;  &ndash;perveleiri.</p>\r\n<p>&nbsp;</p>\r\n<p>Hein&auml;kuun alussa seuran j&auml;seni&auml; osallistui &Auml;&auml;nisen-Uikijoen  kalliopiirrosmatkalle sek&auml; Viron kes&auml;retkelle.</p>\r\n<p>&nbsp;</p>\r\n<p>30.9.-11.10. Portugalin kalliopiirrosmatka. Matkalle  osallistui 25 henke&auml;, matkanjohtajana oli Leena Lehtinen.</p>\r\n<p>&nbsp;</p>\r\n<p>21.10. Syyskokous ja pienimuotoinen seminaari helsingiss&auml;.  Ensin tutustuttiin Kansallismuseon esihistorialliseen osastoon.  Kierroksen j&auml;lkeen siirryttiin ravintola Ostrobotnialle, jossa Heikki  Willamo piti esitelm&auml;n &rdquo;Hirven klaani&rdquo;. Syyskokousessa valittiin vuoden  2007 hallitus. Puheenjohtajaksi valittiin Juhani Gr&ouml;nhagen,  varsinaisiksi j&auml;seniksi Pekka Lehtim&auml;ki, Helena Karjalainen, Antti  Lahelma, kimmo Puranen, Helena Saarikoski, Sirkka Sammas, Vike  Schaffter, timo Sep&auml;nmaa, Eero Siljander ja Kaarina Sulam&auml;ki sek&auml;  varaj&auml;seniksi Tuire Lillman ja Liisa Vartiainen. Varsinaisina  tilintarkastajina v. 2007 toimivat Mikael Saarikoski ja Timo lampinen ja  varatilintarkastajina nMarita Nygren ja P&auml;ivi Voutilainen.</p>\r\n<p>&nbsp;</p>\r\n<p>13.-15.10 Viron muinaistaideseuran vuosikokous Oja&auml;&auml;rsess&auml;  Lahemaalla. Useita seuran j&auml;seni&auml; osallistui kokoukseen.</p>\r\n<p>&nbsp;</p>\r\n<p>28.10. Mielen ja maiseman j&auml;ljill&auml; &ndash; seminaari H&auml;meenlinnan  raatihuoneella. Retu &ndash;hankkeen, H&auml;meenlinnan kaupungin ja seuran  j&auml;rjest&auml;m&auml;&auml;n seminaariin osallistui 65 henke&auml;. Luennoitsijoina olivat  Heikki Hirvas, Jouni Taivainen, Eero Ojanen ja Olli Jalonen. Pekka  Lehtim&auml;ki ja Riitta Virtanen esitteliv&auml;t Aimo-koulun toimintaaja  muinaistaiteen tutkimista kouluissa ja nuorten taideleireill&auml;. Seminaari  sai laajaa huomiota paikallisessa mediassa.</p>\r\n<p>&nbsp;</p>\r\n<p>Toukokuussa 2006 julistettiin valtakunnallinen  kalliotaiteen estsint&auml;kilpailu, jossa uudet l&ouml;yd&ouml;t palkitaan.</p>\r\n<p>&nbsp;</p>\r\n<p><strong>7. Muut asiat</strong></p>\r\n<p><strong><br /></strong></p>\r\n<p>Kansainv&auml;lisi&auml; yhteyksi&auml; muinaistaiteen alalla pidettiin  yll&auml; mm. Ven&auml;j&auml;lle, Viroon, Ruotsiin ja Portugaliin.</p>','2006');
/*!40000 ALTER TABLE `toimintakertomukset` ENABLE KEYS */;
UNLOCK TABLES;

--
-- Table structure for table `tunnukset`
--

DROP TABLE IF EXISTS `tunnukset`;
/*!40101 SET @saved_cs_client     = @@character_set_client */;
/*!40101 SET character_set_client = utf8 */;
CREATE TABLE `tunnukset` (
  `tunnus_id` int(10) NOT NULL AUTO_INCREMENT,
  `ktunnus` varchar(20) DEFAULT NULL,
  `salasana` varchar(20) DEFAULT NULL,
  PRIMARY KEY (`tunnus_id`)
) ENGINE=InnoDB AUTO_INCREMENT=2 DEFAULT CHARSET=latin1;
/*!40101 SET character_set_client = @saved_cs_client */;

--
-- Dumping data for table `tunnukset`
--

LOCK TABLES `tunnukset` WRITE;
/*!40000 ALTER TABLE `tunnukset` DISABLE KEYS */;
INSERT INTO `tunnukset` VALUES (1,'rockart','rockart2010');
/*!40000 ALTER TABLE `tunnukset` ENABLE KEYS */;
UNLOCK TABLES;

--
-- Table structure for table `yleiset`
--

DROP TABLE IF EXISTS `yleiset`;
/*!40101 SET @saved_cs_client     = @@character_set_client */;
/*!40101 SET character_set_client = utf8 */;
CREATE TABLE `yleiset` (
  `id` int(10) unsigned NOT NULL AUTO_INCREMENT,
  `otsikko` text,
  `sisalto` text,
  `pdf` text,
  `pdf_otsikko` text,
  `sivu_id` int(11) DEFAULT NULL,
  PRIMARY KEY (`id`)
) ENGINE=MyISAM AUTO_INCREMENT=40 DEFAULT CHARSET=latin1;
/*!40101 SET character_set_client = @saved_cs_client */;

--
-- Dumping data for table `yleiset`
--

LOCK TABLES `yleiset` WRITE;
/*!40000 ALTER TABLE `yleiset` DISABLE KEYS */;
INSERT INTO `yleiset` VALUES (37,'Suomen muinaistaideseura ry','<p>Suomen muinaistaidesura ry<br />Finlands fornkonsts&auml;llskap rf<br />Finnish society for prehistorical art and culture<br />&nbsp;<br />Suomen muinaistaideseura edist&auml;&auml; suomensukuisten kansojen muinaisen taiteen, maailmankuvan ja elinymp&auml;rist&ouml;n tuntemusta. Muinaistaideseura pyrkii toiminnallaan lis&auml;&auml;m&auml;&auml;n tietoutta erityisesti pohjoisten kansojen kalliotaiteesta ja sen suojelun merkityksest&auml;.</p>\r\n<p><br />Suomen muinaistaideseura tekee tunnetuksi muinaistaidetta j&auml;rjest&auml;m&auml;ll&auml; aiheeseen liittyvi&auml; matkoja ja seminaareja sek&auml; julkaisemalla tutkimustuloksia. Seura tutustuttaa my&ouml;s lapsia ja nuoria esihistoriallisen ajan ihmisen el&auml;m&auml;&auml;n ja taiteeseen.</p>\r\n<p><br />Vuonna 1998 rekister&ouml;idyn suomen muinaistaideseuran kotipaikka on H&auml;meenlinna. Yhteisty&ouml;, erityisesti Viron muinaistaideseuran sek&auml; Ven&auml;j&auml;n ja skandinaavisten tahojen kanssa on jatkuvaa ja kansainv&auml;liset yhteydet laajenevat edelleen. Seurassa on t&auml;ll&auml; hetkell&auml; j&auml;seni&auml; n. 250.&nbsp; <strong>Liity j&auml;seneksi</strong><br /><br /></p>','','',1),(39,'Suomen muinaistaideseura ry','Suomen muinaistaideseura ry. (Finlands fornkonstsällskap rf.) rekisteröitiin vuonna 1998, ja sen kotipaikka on Hämeenlinna. Seura edistää suomensukuisten kansojen muinaisen taiteen, maailmankuvan, ympäristön ja elämän ymmärtämistä. Pohjoisten kansojen kalliotaide, sen tuntemus ja suojelun merkitys painottuvat vahvasti seuran toiminnassa.\r\nSuomen Muinaistaideseura tekee tunnetuksi muinaistaidetta ja julkaisee tutkimustuloksia. Seura järjestää aiheeseen liittyviä matkoja ja seminaareja sekä tutustuttaa lapsia ja nuoria esivanhempien saavutuksiin. Yhteistyö erityisesti Viron muinaistaideseuran sekä Venäjän ja skandinaavisten tahojen kanssa on jatkuvaa. Kansainväliset yhteydet laajenevat edelleen.\r\nSeurassa on tällä hetkellä noin 250 jäsentä.\r\n',NULL,NULL,8),(32,'Kalliokuvia ja meripihkaa 2004','','kalliokuvia2004.pdf','(pdf-dokumentti)',4),(33,'Suomalais-ugrilaista kalliotaidetta, Väino Poikalainen ','<p>http://www.internetix.ofw.fi/tutkimus/muinaistaide</p>','','',4),(34,'SUOMEN MUINAISTAIDESEURA RY JÄSENKIRJE 1 / 2010 / helmikuu','<p><strong>HYV&Auml;T SEURAN J&Auml;SENET!</strong></p>\r\n<p>Valoisaa uutta muinaistaideseuran toimintavuotta kaikille  seuran j&auml;senille! Olemme saaneet nauttia lumisen talven kauneudesta;  nyt suuntaamme katseemme kohti kev&auml;&auml;n ja kes&auml;n tapahtumia. My&ouml;s syksyst&auml;  kerrotaan t&auml;ss&auml; kirjeess&auml; jotakin, seuraavissa kirjeiss&auml; sitten  tarkemmin.</p>\r\n<p>Seurassamme oli tammikuun lopussa 213 j&auml;sent&auml;.  Loppuvuoden j&auml;senmaksunkarhuamiskampanja tuotti hyv&auml;n tuloksen, mutta  j&auml;senlistalta poistettiin kuitenkin l&auml;hes kolmekymment&auml; kaksi vuotta  j&auml;senmaksunsa maksamatta j&auml;tt&auml;nytt&auml;. T&auml;m&auml;n kirjeen mukana saat t&auml;m&auml;n  vuoden j&auml;senmaksulomakkeen. Maksamalla j&auml;senmaksusi ajallaan varmistat  j&auml;senyytesi ja j&auml;senetuhintasi seuran matkoilla.</p>\r\n<p>Seuran uusi hallitus valittiin syyskokouksessa 7.11.2009  Luonnontieteellisess&auml; keskusmuseossa Helsingiss&auml;. Puheenjohtajana jatkaa  Juhani Gr&ouml;nhagen. Muiksi hallituksen varsinaisiksi j&auml;seniksi valittiin   Helena Karjalainen, Antti Lahelma, Rauno Lauhakangas, Pekka Lehtim&auml;ki,  Kimmo Puranen, Helena Saarikoski, Sirkka Sammas, Eero Siljander, Kaarina  Sulam&auml;ki ja Mervi Suomalainen. Varaj&auml;seniksi valittiin Liisa Vartiainen  ja Riitta Virtanen. Varsinaisiksi tilintarkastajiksi valittiin Jouko  Ahtola ja Timo Lampinen, varatilintarkastajiksi Timo It&auml;l&auml; ja Marita  Nygren.</p>\r\n<p>Hallituksen j&auml;rjest&auml;ytymiskokouksessa 16.1.2010  varapuheenjohtajaksi valittiin Antti Lahelma, sihteeriksi Helena  Karjalainen, j&auml;senrekisterin hoitajaksi Kimmo Puranen ja  taloudenhoitajaksi Kalevi Nupponen.</p>\r\n<p>Lis&auml;ksi hallituksen apuna toimivat seuraavat toimikunnat:<br /> <strong>Muinaistutkimus:</strong> Antti Lahelma Juhani  Gr&ouml;nhagen, Rauno Lauhakangas, Kalevi Nupponen, V&auml;ino Poikalainen, Kimmo  Puranen, Miikka Pyykk&ouml;nen, Eero Siljander.<br /> <strong>Koulutus ja opintomatkat:</strong> Sirkka Sammas,  Pekka Lehtim&auml;ki, Kimmo Puranen, Mervi Suomalainen, Eero Siljander, Liisa  Vartiainen, Riitta Virtanen.<br /> <strong>Kansainv&auml;liset suhteet:</strong> Rauno  Lauhakangas, Juhani Gr&ouml;nhagen, Antti Lahelma, Leena Lehtinen, V&auml;ino  Poikalainen, Kaarina Sulam&auml;ki.<br /> <strong>Tiedotus, julkaisu- ja n&auml;yttelytoiminta:</strong> Helena Saarikoski, Juhani Gr&ouml;nhagen, Helena Karjalainen, Antti Lahelma,  Rauno Lauhakangas, Sirkka Sammas, Eero Siljander.<br /> <strong>Varainhankinta:</strong> Kalevi Nupponen, Juhani  Gr&ouml;nhagen, Pekka Lehtim&auml;ki, Antti Lahelma, Vike Schaffter.<br /> Toivomme, ett&auml; toimikuntien ty&ouml;st&auml; kiinnostuneet ottavat  yhteytt&auml; vet&auml;jiin (alleviivatut nimet). Ideoita tarvitaan toiminnan  kehitt&auml;miseksi.</p>\r\n<p><strong>KEV&Auml;&Auml;N JA KES&Auml;N OHJELMAA</strong></p>\r\n<p><strong>KEV&Auml;TMATKA &rdquo;KARTANOISTA KIVIKAUTEEN&rdquo;  sek&auml;  VUOSIKOKOUS HEINOLASSA 22.-23.5.2010</strong></p>\r\n<p><strong>Kev&auml;tmatka</strong> suuntautuu t&auml;ll&auml; kertaa  Porvoonjokilaakson ja It&auml;-H&auml;meen<br /> arkeologisille ja historiallisille kohteille. Kohteina  ovat esim. A.E.Nordenski&ouml;ldin<br /> lapsuudenkoti M&auml;nts&auml;l&auml;n Alikartano ja kalmisto. Suomen  vanhin asuinpaikka <br /> Orimattilan Myllykoski, Lintutornin kivikautinen  asuinpaikka, vieh&auml;tt&auml;v&auml;t <br /> it&auml;h&auml;m&auml;l&auml;iset kartanomilj&ouml;&ouml;t Nordenlund ja Sysm&auml;n  Vanhakartano, Hollolan <br /> keskiaikainen kirkko, Kapatuosian linnavuori, Kiikun  l&auml;hde, Kirkk`ailanm&auml;en<br /> kalmisto, kuppikivi&auml;, susikuoppia jne. Matkanjohtajana on  Eero Siljander ja <br /> asiantuntijana arkeologi Jyri Saukkonen. Vuosikokous ja  pieni seminaari  pidet&auml;&auml;n <br /> Heinolassa.</p>\r\n<p><strong>VUOSIKOKOUS  HEINOLAN KURSSIKESKUKSEN (OPEKO)  TALLINVINTISS&Auml; 22.5. KLO 18.00<br /> 1.	kokouksen avaus<br /> 2.	valitaan kokouksen puheenjohtaja, sihteeri, kaksi  p&ouml;yt&auml;kirjan tarkastajaa ja tarvittaessa kaksi &auml;&auml;ntenlaskijaa.<br /> 3.	todetaan kokouksen laillisuus ja p&auml;&auml;t&ouml;svaltaisuus<br /> 4.	hyv&auml;ksyt&auml;&auml;n kokouksen esityslista<br /> 5.	esitet&auml;&auml;n tilinp&auml;&auml;t&ouml;s vuodelta 2009, vuosikertomus ja  tilintarkastajien lausunto<br /> 6.	p&auml;&auml;tet&auml;&auml;n tilinp&auml;&auml;t&ouml;ksen vahvistamisesta ja  vastuuvapauden my&ouml;nt&auml;misest&auml; hallitukselle ja muille vastuuvelvollisille<br /> 7.	k&auml;sitell&auml;&auml;n muut kokouskutsussa mainitut asiat.</strong></p>\r\n<p>Kokouksen j&auml;lkeen arkeologi Jaana Riikonen kertoo  Kaarinan kirkkomaan<br /> ruumiskalmiston kaivauksista ja Kaarinan muinaispuvusta.  Tutustumme my&ouml;s<br /> Kalevalaisten naisten tekemiin muinaispukuihin. Illalla  katsotaan Helena Saarikosken<br /> ja Erkki Luoma-ahon Sahara-kuvia, viime kes&auml;n matkalta  Viron saarille otettuja kuvia <br /> ja kuunnellaan mahdollisesti viel&auml; pari esitelm&auml;&auml;. <br /> Majoitus on kurssikeskuksen tiloissa. <br /> Matkan hinta on noin 170&euro;. <strong>Varmistat osanottosi ja  saat tarkemmat matkaa <br /> koskevat tiedot  ilmoittautumalla  Eero Siljanderille  mahdollisimman pian <br /> puh. 050-5773402. </strong></p>\r\n<p><strong>KES&Auml;MATKA VIROON &rdquo;NAISSAARELTA NARVAAN&rdquo;  5.8.-8.8.2010</strong></p>\r\n<p>Kohteina on Viron pohjoisrannikon mielenkiintoisimpia ja  n&auml;ytt&auml;vimpi&auml; kohteita: Naissaari, Roc al Maren museoalue, naisten  hedelm&auml;llisyyteen liittyv&auml;t Kostiveren liukukivet, pronssikautinen  Joel&auml;htmen kalmisto, J&auml;galan vesiputous, Toolsen keskiaikainen  rauniolinna, Kundan kivikautinen asuinpaikka, Haljalan Pyh&auml;n  Mauritiuksen keskiaikainen kirkko, Narva ja l&auml;nnen etuvartio Hermannin  linna yms. Majoitus on idyllisess&auml; Kolgan kartanossa ja mahdollisesti  J&auml;nedan kartanossa.<br /> <strong>Matkan hinta seuran j&auml;senille 380 &euro;, joka  maksetaan seuran tilille 578007-2179394. </strong>Oppaana toimii  professori Aivar Kriiska, matkanjohtajana Eero Siljander, jolle my&ouml;s  ilmoittaudutaan puh. 050-5773402.</p>\r\n<p><strong>SYKSYKSI  SUUNNITELTUA</strong></p>\r\n<p><strong>KULTTUURIMATKA TURKKIIN 15.-23.10.2010</strong></p>\r\n<p>Pe 15.10. Lento Helsinki-Istanbul 13.55-17.15. Opastettu  kuljetus hotelliin ja tervetulop&auml;iv&auml;llinen. Y&ouml;pyminen Istanbulissa.<br /> La 16.10. Kokop&auml;iv&auml;n kaupunkikierros: kiertoajelu uudella  puolella, jolloin n&auml;hd&auml;&auml;n Galatan silta, Karak&ouml;y ja Bosborin rannan  moskeijat,  Dolmabahcen Palatsi, Nisantasin kaupunginosa ostoskatuineen  ja Sotamuseo. Taksimin aukoilta k&auml;velemme k&auml;velykatu Istiklalia piktin,  n&auml;emme mm kirkkoja, kahviloita, ostospaikkoja sek&auml; yhden kaupungin  vilkkaista ruokatoreista, Balik Basarin sek&auml; Kukkakujan ravintolat. Ajo  bussilla ns. vanhalle puolelle ja Sultanahmetin aukiolle.  Lounas ja  Topkapin  palatsi. Y&ouml;pyminen ?stanbulissa.<br /> Su 17.10.  Aamup&auml;iv&auml;ll&auml; k&auml;ymme Hagia Sophian museossa,  Sinisess&auml; moskeijassa sek&auml;                  Hippodromilla eli entisell&auml;  kilpa-ajoradalla. Lounaan j&auml;lkeen risteily Bosborin salmella.Y&ouml;pyminen  Istanbulissa.<br /> Ma 18.10. Aamiaisen j&auml;lkeen k&auml;ynti Yerebatan maanalaisessa  vesis&auml;ili&ouml;ss&auml; ja Suuressa katetussa basaarissa. L&auml;ht&ouml; Bursaan, jossa  illallinen ja y&ouml;pyminen.<br /> Ti 19.10. Aamiaisen j&auml;lkeen k&auml;ynti  Vihre&auml;ll&auml;  mausoleumilla sek&auml; Vihre&auml;ss&auml; <br /> moskeijassa ja  silkkibasaarilla.  L&auml;ht&ouml; Canakkaleen,  jossa illallinen ja y&ouml;pyminen. <br /> Ke 20.10.  Aamiaisen j&auml;lkeen l&auml;ht&ouml; Troijaan.  Kierros  Troijan antiikin kaupungin raunioilla ja <br /> sen j&auml;lkeen ajo Kusadasiin. Lounas matkan varrella.   Y&ouml;pyminen Kusadasissa.<br /> To 21.10.  Koko p&auml;iv&auml;n retki Efesokseen, sis. lounaan.   Y&ouml;pyminen Kusadasissa.<br /> Pe 22.10.  Koko p&auml;iv&auml;n retki Priene-Miletos-Didim, lounas  retken aikana. P&auml;&auml;t&ouml;sillallinen ja  y&ouml;pyminen Kusadasissa.<br /> La 23.10. Kuljetus Kusadasi-Izmiriin. Lento Izmir-Istanbul  7.00-8.05 ja Istanbul-Helsinki 10.15-13.40<br /> Y&Ouml;PYM?SET: Istanbul 3 y&ouml;t&auml;, hotelli Antik 3*  www.antikhotel.com<br /> Bursa 1 y&ouml;, hotelli Kirci 3* www.kircihotel.com<br /> Canakkale 1 y&ouml;, hotelli Tusan 3* www.tusanhotel.com<br /> Kusadasi 3 y&ouml;t&auml; hotelli Derici 4* www.dericihotel.com<br /> AJOMATKAT:  Istanbul &ndash;  Bursa, n. 250 km / n. 3-4 h<br /> Bursa &ndash; Canakkale, n. 275 km / 4-5 h<br /> Canakkale &ndash; Kusadasi, n. 390 km /5-6 h<br /> Kusadasi-Izmir, 70 km / 1 h<br /> <strong>Matkan hinta j&auml;senelt&auml; 1350&euro; ja ei j&auml;senelt&auml; 1375&euro;</strong> (1h huoneesta 160&euro; lis&auml;maksu). Matkan hinta sis&auml;lt&auml;&auml;  lennot  Helsinki-Istanbul.Helsinki, Izmir-Istanbul, lentokentt&auml;verot,  bussikuljetukset, suomenkielisen opastuksen, kaikki sis&auml;&auml;np&auml;&auml;symaksut, 9  ateriaa jne. <strong>Ilmoittautumiset viimeist&auml;&auml;n 30.4. jolloin  maksettava varausmaksu 150&euro; seuran tilille 578007-2179394. Loppumaksu  maksettava 30.8. menness&auml;.</strong> Ilmoittautumiset ja tiedustelut  Juhani Gr&ouml;nhagen juhani.gronhagen@mamk.fi,  juhani.gronhagen@pp.fimnet.fi, puh. 040 5659570.</p>\r\n<p>&nbsp;</p>\r\n<p><strong>MUUTA</strong></p>\r\n<p><strong>MYYTTINEN VIIVA</strong><br /> <strong>It&auml;-Karjalan muinaisten kuvakallioiden salaisuus  &ndash;n&auml;yttely<br /> Suomen Ranskan instituutissa Pariisissa 31.3.-30.4.2010</strong></p>\r\n<p>N&auml;yttely esittelee ranskalaiselle yleis&ouml;lle pohjoisen  luonnon ja maiseman moni-<br /> ilmeisyytt&auml;, &rdquo;alkuper&auml;isyytt&auml;&rdquo; ja kalliotaidetta osana  suomalais-ugrilaisten kansojen <br /> historiaa. Se vie katsojan Karjalan kalliotaidealueille  &Auml;&auml;niselle ja Vienanmerelle. <br /> N&auml;yttelyss&auml; esitell&auml;&auml;n ja tulkitaan kalliopiirrosten  aihemaailmaa ja alueen maisemaa <br /> valokuvin, videoin ja frottaasein. Varhaisimmat teokset  ovat tekij&ouml;iden Marjukka <br /> Vainio, Riitta Virtanen ja Erkki Murtonen ensimm&auml;iselt&auml;  kuvausmatkalta It&auml;-Karjalaan <br /> kes&auml;lt&auml; 2005 ja viimeiset t&auml;m&auml;n vuoden helmikuulta.</p>\r\n<p><strong>MYYTTINEN VIIVA<br /> It&auml;-Karjalan muinaisten kuvakallioiden salaisuus &ndash;seminaari Suomen  Ranskan <br /> instituutissa Pariisissa 1.4.2010 klo 14.00-20.00</strong></p>\r\n<p>Seminaari avaa keskustelua eurooppalaisesta  kalliotaiteesta, kulttuurista ja<br /> identiteetist&auml;. Se tarjoaa yleis&ouml;lle, taiteilijoille ja  tutkijoille keskustelufoorumin <br /> eurooppalaisen kulttuurimme juurista, taiteesta sek&auml;  luonnon ett&auml; kulttuuriperinn&ouml;n <br /> suojelusta. Seminaarissa luennoivat tohtori Alexander  Zhulnikov, professori V&auml;ino <br /> Poikalainen ja ranskalaiset tutkijat. <br /> Lis&auml;tietoja n&auml;yttelyst&auml; ja seminaarista antaa Riitta  Virtanen puh. 040-8209081.</p>\r\n<p>Hallitus toivottaa kaikille j&auml;senille aurinkoista  kev&auml;ttalvea! Seuraava j&auml;senkirje<br /> l&auml;hetet&auml;&auml;n kustannusten s&auml;&auml;st&auml;miseksi kaikille s&auml;hk&ouml;postin  omistaville s&auml;hk&ouml;isesti.<br /> <strong>J&auml;senrekisteri&auml; yll&auml;pit&auml;&auml; Kimmo Puranen  kimmopuranen(at)suomi24.fi. Rakentajankatu 2, 15240 Lahti.<br /> Ilmoitathan yhteystietojesi muutoksista Kimmolle. Ilmoita  s&auml;hk&ouml;postiosoitteesi, jos se ei viel&auml; ole tiedossamme tai on muuttunut.</strong></p>\r\n<p>Kannattaa my&ouml;s vierailla seuran webbisivuilla <a href=\"http://www.suomenmuinaistaideseura.fi/\">www.suomenmuinaistaideseura.fi</a>.  tai <a href=\"http://www.rockart.fi/\">www.rockart.fi</a> .  Matkakuvauksia, kuvia, artikkeleita ottaa vastaan Mervi Suomalainen  (meevi.suomalainen(at)armas.fi).</p>\r\n<p>&nbsp;</p>\r\n<p><strong> N&Auml;HD&Auml;&Auml;N TULEVISSA TAPAHTUMISSA!</strong></p>','','',3),(5,'Suomen muinaistaideseura ry:n säännöt','<p><strong>1 &sect; NIMI JA KOTIPAIKKA</strong><br /> Yhdistyksen nimi on Suomen muinaistaideseura ry, Finlands fornkonsts&auml;llskap rf, ja sen kotipaikka on H&auml;meenlinna. Yhdistyksest&auml; k&auml;ytet&auml;&auml;n n&auml;iss&auml; s&auml;&auml;nn&ouml;iss&auml; nimityst&auml; seura. <br /><br /> <strong>2 &sect; TARKOITUS JA TOIMINTA</strong><br /> Seuran tarkoituksena on edist&auml;&auml; suomensukuisten ja muiden kansojen muinaisen taiteen, maailmankuvan, ymp&auml;rist&ouml;n ja el&auml;m&auml;n ymm&auml;rt&auml;mist&auml;. <br /><br /> Tarkoituksensa toteuttamiseksi seura tukee muinaistaiteen tutkimusta, koulutusta ja tunnetuksi tekemist&auml;. Se harjoittaa taide-, tiedotus- ja julkaisutoimintaa, tukee seuran tarkoitusta edist&auml;v&auml;&auml; kasvatusta, j&auml;rjest&auml;&auml; aiheeseen liittyvi&auml; seminaareja, n&auml;yttelyj&auml; ja tilaisuuksia kotimaassa sek&auml; ulkomailla. Seura osallistuu alan kotimaisten ja kansainv&auml;listen j&auml;rjest&ouml;jen sek&auml; yhteis&ouml;jen toimintaan.  <br /><br /> Toimintansa tukemiseksi seura voi ottaa vastaan lahjoituksia ja testamentteja sek&auml; hakea apurahoja. Seura voi my&ouml;s toimeenpanna rahanker&auml;yksi&auml; tai arpajaisia asianmukaisen luvan saatuaan. <br /><br /> Seura voi omistaa toimintaansa varten tarpeellista kiinte&auml;&auml; ja irtainta omaisuutta. <br /><br /> <strong>3 &sect; J&Auml;SENET</strong><br /> Seuran varsinaiseksi j&auml;seneksi voi liitty&auml; muinaistaiteesta ja sen tutkimuksesta kiinnostunut henkil&ouml;, oikeuskelpoinen yhteis&ouml; tai s&auml;&auml;ti&ouml;. <br /><br /> J&auml;seneksi hyv&auml;ksymisest&auml; p&auml;&auml;tt&auml;&auml; hallitus kirjallisen hakemuksen perusteella. <br /><br /> Seuralla voi olla kirjeenvaihtaja-, kannattaja- ja kunniaj&auml;seni&auml;, joista p&auml;&auml;tt&auml;&auml; seuran hallitus. <br /><br /> <strong>4 &sect; J&Auml;SENEN EROAMINEN JA EROTTAMINEN</strong><br /> J&auml;senell&auml; on oikeus erota seurasta ilmoittamalla siit&auml; kirjallisesti hallitukselle tai sen puheenjohtajalle taikka ilmoittamalla erosta seuran kokouksessa p&ouml;yt&auml;kirjaan merkitt&auml;v&auml;ksi. <br /><br /> Hallitus voi erottaa j&auml;senen seurasta, jos j&auml;sen on j&auml;tt&auml;nyt er&auml;&auml;ntyneen j&auml;senmaksunsa kehotuksesta huolimatta maksamatta tai on muuten j&auml;tt&auml;nyt t&auml;ytt&auml;m&auml;tt&auml; ne velvoitukset, joihin h&auml;n on seuraan liittym&auml;ll&auml; sitoutunut tai on menettelyll&auml;&auml;n seurassa tai sen ulkopuolella vahingoittanut seuraa tai ei en&auml;&auml; t&auml;yt&auml; laissa taikka seuran s&auml;&auml;nn&ouml;iss&auml; mainittuja j&auml;senyyden ehtoja. <br /><br /> <strong>5 &sect; LIITTYMIS- JA J&Auml;SENMAKSU</strong><br /> Liittymismaksun ja vuotuisen j&auml;senmaksun suuruudesta p&auml;&auml;tt&auml;&auml; syyskokous. Yhteis&ouml;n ja s&auml;&auml;ti&ouml;n liittymis- sek&auml; j&auml;senmaksu on eri suuruinen kuin yksityisen henkil&ouml;j&auml;senen. Kirjeenvaihtaja- ja kunniaj&auml;senilt&auml; ei perit&auml; j&auml;senmaksua. <br /><br /> <strong>6 &sect; HALLITUS</strong><br /> Seuran asioita hoitaa hallitus, johon kuuluu syyskokouksessa valitut puheenjohtaja sek&auml; v&auml;hint&auml;&auml;n 6 ja enint&auml;&auml;n 10 j&auml;sent&auml;, sek&auml; kaksi varaj&auml;sent&auml;. <br /><br /> Hallituksen toimikausi on kalenterivuosi. <br /><br /> Hallitus valitsee keskuudestaan varapuheenjohtajan, sek&auml; nimitt&auml;&auml; sihteerin ja rahastonhoitajan. Lis&auml;ksi hallitus voi nimet&auml; toimihenkil&ouml;it&auml; tai -kuntia seuran j&auml;senist&ouml;n keskuudesta erikseen nimettyj&auml; teht&auml;vi&auml; varten. <br /><br /> Hallitus kokoontuu puheenjohtajan tai varapuheenjohtajan kutsusta, kun he katsovat siihen olevan aihetta tai kun v&auml;hint&auml;&auml;n puolet hallituksen j&auml;senist&auml; sit&auml; vaatii. <br /><br /> Hallitus on p&auml;&auml;t&ouml;svaltainen, kun puolet sen j&auml;senist&auml; ja lis&auml;ksi puheenjohtaja tai varapuheenjohtaja on l&auml;sn&auml;. <br /><br /> &Auml;&auml;nestykset ratkaistaan ehdottomalla enemmist&ouml;ll&auml;. &Auml;&auml;nten menness&auml; tasan ratkaisee puheenjohtajan &auml;&auml;ni, vaaleissa kuitenkin arpa. <br /><br /> <strong>7 &sect; SEURAN NIMEN KIRJOITTAMINEN</strong><br /> Oikeus seuran nimen kirjoittamiseen on<br /> 1) hallituksen puheenjohtajalla yksin,<br /> 2) varapuheenjohtajalla yhdess&auml; sihteerin tai rahastonhoitajan kanssa ja<br /> 3) muulla henkil&ouml;ll&auml;, jolla on siihen hallituksen erikseen antama henkil&ouml;kohtainen oikeus. <br /><br /> <strong>8 &sect; TILIKAUSI JA TILINTARKASTUS</strong><br /> Seuran tilikausi on kalenterivuosi.  <br /><br /> Tilinp&auml;&auml;t&ouml;s tarvittavine asiakirjoineen ja hallituksen vuosikertomus on annettava tilintarkastajille viimeist&auml;&auml;n kaksi viikkoa ennen vuosikokousta. Tilintarkastajien tulee antaa kirjallinen lausuntonsa hallitukselle viimeist&auml;&auml;n viikkoa ennen vuosikokousta. <br /><br /> <strong>9 &sect; SEURAN KOKOUKSET</strong><br /> Seura pit&auml;&auml; vuosittain kaksi varsinaista kokousta. <br /><br /> Seuran vuosikokous pidet&auml;&auml;n tammi-toukokuussa ja syyskokous syys-joulukuussa hallituksen m&auml;&auml;r&auml;&auml;m&auml;n&auml; p&auml;iv&auml;n&auml;. <br /><br /> Ylim&auml;&auml;r&auml;inen kokous pidet&auml;&auml;n, kun seuran kokous niin p&auml;&auml;tt&auml;&auml; tai kun hallitus katsoo siihen olevan aihetta, taikka v&auml;hint&auml;&auml;n yksi kymmenesosa (1/10) seuran &auml;&auml;nioikeutetuista j&auml;senist&auml; sit&auml; hallitukselta erityisesti ilmoitettua asiaa varten kirjallisesti vaatii. Kokous on pidett&auml;v&auml; kolmenkymmenen vuorokauden kuluessa siit&auml;, kun vaatimus sen pit&auml;misest&auml; on esitetty hallitukselle. <br /><br /> Seuran kokouksissa on jokaisella sen varsinaisella j&auml;senell&auml;, yhteis&ouml;- ja kunniaj&auml;senell&auml; yksi &auml;&auml;ni. Kirjeenvaihtaja- ja kannattajaj&auml;senell&auml; on kokouksessa l&auml;sn&auml;olo- ja puheoikeus. <br /><br /> Kokouksessa p&auml;&auml;t&ouml;kset tehd&auml;&auml;n yksinkertaisella &auml;&auml;nten enemmist&ouml;ll&auml;. &Auml;&auml;nten menness&auml; tasan ratkaisee puheenjohtajan mielipide, vaaleissa kuitenkin arpa. <br /><br /> <strong>10 &sect; SEURAN KOKOUSTEN KOOLLEKUTSUMINEN</strong><br /> Hallituksen on kutsuttava seuran kokoukset koolle v&auml;hint&auml;&auml;n 14 vuorokautta ennen kokousta j&auml;senille postitetuilla kirjeill&auml;.  <br /><br /> <strong>11 &sect; VARSINAISET KOKOUKSET</strong><br /> Seuran vuosikokouksessa k&auml;sitell&auml;&auml;n seuraavat asiat: <br /><br /> 1. kokouksen avaus<br /> 2. valitaan kokouksen puheenjohtaja, sihteeri, kaksi p&ouml;yt&auml;kirjan tarkastajaa ja tarvittaessa kaksi &auml;&auml;ntenlaskijaa<br /> 3. todetaan kokouksen laillisuus ja p&auml;&auml;t&ouml;svaltaisuus<br /> 4. hyv&auml;ksyt&auml;&auml;n kokouksen esityslista<br /> 5. esitet&auml;&auml;n tilinp&auml;&auml;t&ouml;s, vuosikertomus ja tilintarkastajien lausunto<br /> 6. p&auml;&auml;tet&auml;&auml;n tilinp&auml;&auml;t&ouml;ksen vahvistamisesta ja vastuuvapauden my&ouml;nt&auml;misest&auml; hallitukselle ja muille vastuuvelvollisille<br /> 7. k&auml;sitell&auml;&auml;n muut kokouskutsussa mainitut asiat. <br /><br /> Seuran syyskokouksessa k&auml;sitell&auml;&auml;n seuraavat asiat: <br /><br /> 1. kokouksen avaus<br /> 2. valitaan kokouksen puheenjohtaja, sihteeri, kaksi p&ouml;yt&auml;kirjan tarkastajaa ja tarvittaessa kaksi &auml;&auml;ntenlaskijaa<br /> 3. todetaan kokouksen laillisuus ja p&auml;&auml;t&ouml;svaltaisuus<br /> 4. hyv&auml;ksyt&auml;&auml;n kokouksen esityslista<br /> 5. vahvistetaan toimintasuunnitelma, tulo- ja menoarvio sek&auml; liittymis- ja j&auml;senmaksujen suuruudet seuraavalle kalenterivuodelle<br /> 6. valitaan hallituksen puheenjohtaja ja muut j&auml;senet seuraavaksi kalenterivuodeksi<br /> 7. valitaan kaksi tilintarkastajaa ja kaksi varatilintarkastajaa. Tilintarkastajien toimikausi on kalenterivuosi<br /> 8. k&auml;sitell&auml;&auml;n muut kokouskutsussa mainitut asiat. <br /><br /> Mik&auml;li seuran j&auml;sen haluaa saada jonkin asian seuran vuosi- tai syyskokouksessa k&auml;sitelt&auml;v&auml;ksi, on h&auml;nen ilmoitettava siit&auml; kirjallisesti hallitukselle viimeist&auml;&auml;n 4 viikkoa ennen kokouksen pit&auml;mist&auml;. <br /><br /> <strong>12 &sect; S&Auml;&Auml;NT&Ouml;JEN MUUTTAMINEN JA SEURAN PURKAMINEN</strong><br /> P&auml;&auml;t&ouml;s s&auml;&auml;nt&ouml;jen muuttamisesta tai seuran purkamisesta on teht&auml;v&auml; seuran kokouksessa v&auml;hint&auml;&auml;n kolmen nelj&auml;sosan (3/4) enemmist&ouml;ll&auml; annetuista &auml;&auml;nist&auml;. Kokouskutsussa on mainittava s&auml;&auml;nt&ouml;jen muuttamisesta tai seuran purkamisesta. <br /><br /> Seuran purkautuessa sen varat k&auml;ytet&auml;&auml;n seuran tarkoitusten edist&auml;miseen purkamisesta p&auml;&auml;tt&auml;v&auml;n kokouksen m&auml;&auml;r&auml;&auml;m&auml;ll&auml; tavalla. Seuran tullessa lakkautetuksi k&auml;ytet&auml;&auml;n varat samaan tarkoitukseen. <br /><br /> <strong>13 &sect;</strong><br /> Muilta osin seuran toiminnassa noudatetaan voimassa olevan yhdistyslain s&auml;&auml;nn&ouml;ksi&auml;.</p>','','',2),(31,'	 Uhritulia Valkeisaaressa? Kalliomaalauksen edustalla järjestettyjen kaivausten tuloksia ja tulkintaa, Antti Lahelma','','valkeisaari pdf.pdf','(pdf-dogumentti)',4),(36,'KALLIOTAIDETTA, KYLÄELÄMÄÄ JA VILLIELÄINSAFARI TANSANIASSA','<p><!-- #BeginEditable \"teksti\" --></p>\r\n<p><strong>KALLIOTAIDETTA, KYL&Auml;EL&Auml;M&Auml;&Auml; JA VILLIEL&Auml;INSAFARI  TANSANIASSA</strong><br /> L&auml;hde mukaan unohtumattomalle ja taatusti erilaiselle  el&auml;mysreissulle Afrikkaan, Tansaniaan suomalaisella opastuksella.<br /> T&auml;ll&auml; matkalla kohtaat asukkaita, autat paikallisia, n&auml;et  paljon luontoa ja teet villiel&auml;insafarin. Tutustut KONDOAn  kalliotaidealueeseen, joka on UNESCON maailmanperint&ouml;kohde, sen  lukemattomiin esihistoriallisiin kalliotaidekohteisiin. Tapaat  mahdollisesti Sandawe-heimon shamaanin.<br /> Matkakohde on turvallinen ja iloinen pohjois-Tansania.  Tukikohtamme on Arushan kaupungissa sijaitseva suomalaisen  taidek&auml;sity&ouml;l&auml;isen Seppo Hallavainion residenssi eli majatalo, jossa on  taiteilijan ty&ouml;skentelytilat, Rock Art Conservation-keskuksen galleria  ja ravintola. Seppo on naimisissa tansanialaisen naisen kanssa, on  asunut Tansaniassa parikymment&auml; vuotta ja tuntee alueen perin pohjin.  H&auml;nen hoivissaan opit perusteet tansanialaisesta kulttuurista, pari  sanaa swahilia ja p&auml;&auml;set viett&auml;m&auml;&auml;n unohtumatonta iltaa ja y&ouml;t&auml;  afrikkalaiseen kyl&auml;&auml;n.</p>\r\n<p><strong>Matkan ajankohdaksi on suunniteltu kes&auml;&auml; 2011, kesto n. 2  viikkoa.</strong><br /> Kun kiinnostuksesi her&auml;si ota yhteytt&auml; Helena Saarikoskeen,  joka toimii yhteyshenkil&ouml;n&auml; matkaajien ja  Sepon v&auml;lill&auml;.<br /> Tarkempaa kuvausta matkasta ja alustava matkasuunnitelma on  n&auml;ht&auml;vill&auml; seuran nettisivuilla.<br /> Helenan yhteystiedot: 050-5348428,  e-mail:helena.saarikoski(at)gmail.com<a href=\"http://www.suomenmuinaistaideseura.fi/ajankohtaista/KALLIOTAIDE_SAFARI.pdf\" target=\"_blank\"><br /></a></p>\r\n<p>terv. Helena</p>','KALLIOTAIDE_SAFARI.pdf','Ohjelma ja lisätietoa .pdf',3),(1,'Julkaisut','<p>13 &euro; / kpl<br /> Toimitus- ja l&auml;hetyskulut on 2 &euro;<br /> Tilaukset ja tiedustelut s&auml;hk&ouml;postina: aurahelena.karjalainen(at)edu.hel.fi</p>','','',7),(2,'Jäsenhakulomake','<p>Haen yll&auml;mainitun yhdistyksen j&auml;seneksi.<br /> Vuosij&auml;senmaksu 25&euro;. T&auml;yt&auml; alla oleva lomake ja paina \"L&auml;het&auml;\".<br /><br /> Jos s&auml;hk&ouml;posti ei toimi, l&auml;het&auml; tiedot kirjeitse: Helena Karjalainen, Keijukaistenpolku 12 A 14, 00820 Helsinki<br /> E-mail: aurahelena.karjalainen@edu.hel.fi</p>','','',7),(28,'Yhteystiedot','<p>Puheenjohtaja Juhani Gr&ouml;nhagen<br />juhani.gronhagen(at)mamk.fi<br />puhelin 040-5659570</p>\r\n<p>&nbsp;</p>\r\n<p>Sihteeri Helena Karjalainen<br />Keijukaistenpolku 12 A<br />00820 Helsinki<br />aheka(at)hotmail.com<br />050-5357283</p>','','',6);
/*!40000 ALTER TABLE `yleiset` ENABLE KEYS */;
UNLOCK TABLES;
/*!40103 SET TIME_ZONE=@OLD_TIME_ZONE */;

/*!40101 SET SQL_MODE=@OLD_SQL_MODE */;
/*!40014 SET FOREIGN_KEY_CHECKS=@OLD_FOREIGN_KEY_CHECKS */;
/*!40014 SET UNIQUE_CHECKS=@OLD_UNIQUE_CHECKS */;
/*!40101 SET CHARACTER_SET_CLIENT=@OLD_CHARACTER_SET_CLIENT */;
/*!40101 SET CHARACTER_SET_RESULTS=@OLD_CHARACTER_SET_RESULTS */;
/*!40101 SET COLLATION_CONNECTION=@OLD_COLLATION_CONNECTION */;
/*!40111 SET SQL_NOTES=@OLD_SQL_NOTES */;

-- Dump completed on 2011-07-21  8:26:26
